catch_date,symbol,company,catch_price,score,delivery_pct,volume_ratio,obv,oi,oi_change,gate_status,evidence,event_index,streak_day,current_price,current_price_date,abs_change,pct_change,status,corporate_action_note
2025-10-01,APLAPOLLO,APL Apollo Tubes Limited,1731.1,N/A,65.29,N/A,N/A,9691150,306950,ACCUMULATION CONFIRMED,RECORDED,0,1/1,2197,2026-09-28,465.90,26.9135,RISEN,CORPORATE ACTION STATUS UNKNOWN (no heuristic flag)
2025-10-01,DIVISLAB,Divi's Laboratories Limited,5710,N/A,75.65,N/A,N/A,2668500,96900,ACCUMULATION CONFIRMED,RECORDED,0,1/2,9550,2026-09-28,3840.00,67.2504,RISEN,CORPORATE ACTION STATUS UNKNOWN (no heuristic flag)
2025-10-01,FORTIS,Fortis Healthcare Limited,989.65,N/A,55.55,N/A,N/A,7263300,99975,ACCUMULATION CONFIRMED,RECORDED,0,1/1,830.75,2026-09-28,-158.90,-16.0562,FALLEN,CORPORATE ACTION STATUS UNKNOWN (no heuristic flag)
2025-10-01,ICICIGI,ICICI Lombard General Insurance Company Limited,1903.6,N/A,70.09,N/A,N/A,5046275,77025,ACCUMULATION CONFIRMED,RECORDED,0,1/1,1540,2026-09-28,-363.60,-19.1007,FALLEN,CORPORATE ACTION STATUS UNKNOWN (no heuristic flag)
2025-10-01,IEX,Indian Energy Exchange Limited,141.18,N/A,61.21,N/A,N/A,48900000,4117500,ACCUMULATION CONFIRMED,RECORDED,0,1/2,111.35,2026-09-28,-29.83,-21.1291,FALLEN,CORPORATE ACTION STATUS UNKNOWN (no heuristic flag)
2025-10-01,MFSL,Max Financial Services Limited,1621.9,N/A,59.75,N/A,N/A,5804800,133600,ACCUMULATION CONFIRMED,RECORDED,0,1/1,1444,2026-09-28,-177.90,-10.9686,FALLEN,CORPORATE ACTION STATUS UNKNOWN (no heuristic flag)
2025-10-01,SRF,SRF Limited,2907.1,N/A,51.45,N/A,N/A,2878600,75800,ACCUMULATION CONFIRMED,RECORDED,0,1/1,2491.5,2026-09-28,-415.60,-14.2960,FALLEN,CORPORATE ACTION STATUS UNKNOWN (no heuristic flag)
2025-10-01,YESBANK,Yes Bank Limited,21.76,N/A,51.51,N/A,N/A,804463700,32188500,ACCUMULATION CONFIRMED,RECORDED,0,1/1,21.18,2026-09-28,-0.58,-2.6654,FALLEN,CORPORATE ACTION STATUS UNKNOWN (no heuristic flag)
2025-10-03,BAJAJ-AUTO,Bajaj Auto Limited,8679.5,N/A,61.94,N/A,N/A,3215850,59100,ACCUMULATION CONFIRMED,RECORDED,0,1/1,11024,2026-09-28,2344.50,27.0119,RISEN,CORPORATE ACTION STATUS UNKNOWN (no heuristic flag)
2025-10-03,DALBHARAT,Dalmia Bharat Limited,2253.7,N/A,66.81,N/A,N/A,2353325,133250,ACCUMULATION CONFIRMED,RECORDED,0,1/1,1651.6,2026-09-28,-602.10,-26.7161,FALLEN,CORPORATE ACTION STATUS UNKNOWN (no heuristic flag)
2025-10-03,DELHIVERY,Delhivery Limited,437.3,N/A,66.13,N/A,N/A,15770000,2116500,ACCUMULATION CONFIRMED,RECORDED,0,1/1,407.5,2026-09-28,-29.80,-6.8145,FALLEN,CORPORATE ACTION STATUS UNKNOWN (no heuristic flag)
2025-10-03,DIVISLAB,Divi's Laboratories Limited,5866,N/A,61.94,N/A,N/A,2673600,5100,ACCUMULATION CONFIRMED,RECORDED,0,2/2,9550,2026-09-28,3684.00,62.8026,RISEN,CORPORATE ACTION STATUS UNKNOWN (no heuristic flag)
2025-10-03,HDFCAMC,HDFC Asset Management Company Limited,5591,N/A,75.93,N/A,N/A,2002500,29250,ACCUMULATION CONFIRMED,RECORDED,0,1/1,2302.3,2026-09-28,-3288.70,-58.8213,FALLEN,SUSPECTED discontinuity (heuristic ≥20% 1-day move): 2025-11-26 (-49.8%) — CORPORATE ACTION STATUS UNKNOWN
2025-10-03,HINDPETRO,Hindustan Petroleum Corporation Limited,446.3,N/A,47.13,N/A,N/A,48087675,1543050,ACCUMULATION CONFIRMED,RECORDED,0,1/1,342.45,2026-09-28,-103.85,-23.2691,FALLEN,CORPORATE ACTION STATUS UNKNOWN (no heuristic flag)
2025-10-03,IEX,Indian Energy Exchange Limited,143.59,N/A,50.15,N/A,N/A,50070000,1170000,ACCUMULATION CONFIRMED,RECORDED,0,2/2,111.35,2026-09-28,-32.24,-22.4528,FALLEN,CORPORATE ACTION STATUS UNKNOWN (no heuristic flag)
2025-10-03,JINDALSTEL,JINDAL STEEL LIMITED,1076.5,N/A,49.1,N/A,N/A,12210000,318750,ACCUMULATION CONFIRMED,RECORDED,0,1/1,1139.6,2026-09-28,63.10,5.8616,RISEN,CORPORATE ACTION STATUS UNKNOWN (no heuristic flag)
2025-10-03,LTF,L&T Finance Limited,262.33,N/A,46.58,N/A,N/A,46632362,2137298,ACCUMULATION CONFIRMED,RECORDED,0,1/1,280.85,2026-09-28,18.52,7.0598,RISEN,CORPORATE ACTION STATUS UNKNOWN (no heuristic flag)
2025-10-03,NMDC,NMDC Limited,77.1,N/A,49.58,N/A,N/A,273523500,4387500,ACCUMULATION CONFIRMED,RECORDED,0,1/1,77.43,2026-09-28,0.33,0.4280,RISEN,CORPORATE ACTION STATUS UNKNOWN (no heuristic flag)
2025-10-03,PETRONET,Petronet LNG Limited,278.95,N/A,71.24,N/A,N/A,39207600,963000,ACCUMULATION CONFIRMED,RECORDED,0,1/1,289.85,2026-09-28,10.90,3.9075,RISEN,CORPORATE ACTION STATUS UNKNOWN (no heuristic flag)
2025-10-03,PFC,Power Finance Corporation Limited,412.2,N/A,59.41,N/A,N/A,48304100,1309100,ACCUMULATION CONFIRMED,RECORDED,0,1/1,330,2026-09-28,-82.20,-19.9418,FALLEN,CORPORATE ACTION STATUS UNKNOWN (no heuristic flag)
2025-10-03,PNB,Punjab National Bank,114.37,N/A,50.72,N/A,N/A,245104000,6656000,ACCUMULATION CONFIRMED,RECORDED,0,1/1,112.6,2026-09-28,-1.77,-1.5476,FALLEN,CORPORATE ACTION STATUS UNKNOWN (no heuristic flag)
2025-10-03,VEDL,Vedanta Limited,470.95,N/A,45.66,N/A,N/A,94314950,3379850,ACCUMULATION CONFIRMED,RECORDED,0,1/1,259,2026-09-28,-211.95,-45.0048,FALLEN,SUSPECTED discontinuity (heuristic ≥20% 1-day move): 2026-04-30 (-64.9%) — CORPORATE ACTION STATUS UNKNOWN
2025-10-06,CAMS,Computer Age Management Services Limited,3825.5,N/A,66.68,N/A,N/A,1938750,52200,ACCUMULATION CONFIRMED,RECORDED,0,1/1,691.55,2026-09-28,-3133.95,-81.9226,FALLEN,SUSPECTED discontinuity (heuristic ≥20% 1-day move): 2025-12-05 (-80.4%) — CORPORATE ACTION STATUS UNKNOWN
2025-10-06,CYIENT,Cyient Limited,1180.6,N/A,67.99,N/A,N/A,3292900,256700,ACCUMULATION CONFIRMED,RECORDED,0,1/1,1082.3,2026-09-28,-98.30,-8.3263,FALLEN,CORPORATE ACTION STATUS UNKNOWN (no heuristic flag)
2025-10-06,IOC,Indian Oil Corporation Limited,154.84,N/A,50.99,N/A,N/A,86814000,4314375,ACCUMULATION CONFIRMED,RECORDED,0,1/1,133.32,2026-09-28,-21.52,-13.8982,FALLEN,CORPORATE ACTION STATUS UNKNOWN (no heuristic flag)
2025-10-06,MANKIND,Mankind Pharma Limited,2456.3,N/A,48.3,N/A,N/A,1669950,63450,ACCUMULATION CONFIRMED,RECORDED,0,1/1,2435.6,2026-09-28,-20.70,-0.8427,FALLEN,CORPORATE ACTION STATUS UNKNOWN (no heuristic flag)
2025-10-06,TATACONSUM,TATA CONSUMER PRODUCTS LIMITED,1142.1,N/A,67.16,N/A,N/A,15843300,13200,ACCUMULATION CONFIRMED,RECORDED,0,1/1,960,2026-09-28,-182.10,-15.9443,FALLEN,CORPORATE ACTION STATUS UNKNOWN (no heuristic flag)
2025-10-06,TECHM,Tech Mahindra Limited,1439.3,N/A,65.72,N/A,N/A,14737800,274200,ACCUMULATION CONFIRMED,RECORDED,0,1/1,1542.2,2026-09-28,102.90,7.1493,RISEN,CORPORATE ACTION STATUS UNKNOWN (no heuristic flag)
2025-10-06,TORNTPHARM,Torrent Pharmaceuticals Limited,3526,N/A,68.78,N/A,N/A,2438000,43250,ACCUMULATION CONFIRMED,RECORDED,0,1/2,4869,2026-09-28,1343.00,38.0885,RISEN,CORPORATE ACTION STATUS UNKNOWN (no heuristic flag)
2025-10-07,LODHA,Lodha Developers Limited,1145,N/A,69.77,N/A,N/A,11767950,1154700,ACCUMULATION CONFIRMED,RECORDED,0,1/1,1117.1,2026-09-28,-27.90,-2.4367,FALLEN,CORPORATE ACTION STATUS UNKNOWN (no heuristic flag)
2025-10-07,TORNTPHARM,Torrent Pharmaceuticals Limited,3536.9,N/A,70.46,N/A,N/A,2444250,6250,ACCUMULATION CONFIRMED,RECORDED,0,2/2,4869,2026-09-28,1332.10,37.6629,RISEN,CORPORATE ACTION STATUS UNKNOWN (no heuristic flag)
2025-10-07,UNOMINDA,UNO Minda Limited,1366.3,N/A,46.85,N/A,N/A,3307700,479600,ACCUMULATION CONFIRMED,RECORDED,0,1/1,1173,2026-09-28,-193.30,-14.1477,FALLEN,CORPORATE ACTION STATUS UNKNOWN (no heuristic flag)
2025-10-07,VOLTAS,Voltas Limited,1372.2,N/A,61.16,N/A,N/A,12420375,166500,ACCUMULATION CONFIRMED,RECORDED,0,1/1,1135.5,2026-09-28,-236.70,-17.2497,FALLEN,CORPORATE ACTION STATUS UNKNOWN (no heuristic flag)
2025-10-07,YESBANK,Yes Bank Limited,22.22,N/A,47.74,N/A,N/A,834444100,8956800,ACCUMULATION CONFIRMED,RECORDED,1,1/1,21.18,2026-09-28,-1.04,-4.6805,FALLEN,CORPORATE ACTION STATUS UNKNOWN (no heuristic flag)
2025-10-08,PIDILITIND,Pidilite Industries Limited,1493.7,N/A,59.59,N/A,N/A,9097500,262500,ACCUMULATION CONFIRMED,RECORDED,0,1/1,1503,2026-09-28,9.30,0.6226,RISEN,CORPORATE ACTION STATUS UNKNOWN (no heuristic flag)
2025-10-09,DRREDDY,Dr. Reddy's Laboratories Limited,1246.1,N/A,55.37,N/A,N/A,12285000,209375,ACCUMULATION CONFIRMED,RECORDED,0,1/1,1221,2026-09-28,-25.10,-2.0143,FALLEN,CORPORATE ACTION STATUS UNKNOWN (no heuristic flag)
2025-10-09,HINDALCO,Hindalco Industries Limited,774.1,N/A,64.89,N/A,N/A,64674400,670600,ACCUMULATION CONFIRMED,RECORDED,0,1/1,955.9,2026-09-28,181.80,23.4853,RISEN,CORPORATE ACTION STATUS UNKNOWN (no heuristic flag)
2025-10-09,IOC,Indian Oil Corporation Limited,155.25,N/A,49.33,N/A,N/A,91118625,3188250,ACCUMULATION CONFIRMED,RECORDED,1,1/1,133.32,2026-09-28,-21.93,-14.1256,FALLEN,CORPORATE ACTION STATUS UNKNOWN (no heuristic flag)
2025-10-09,JSWSTEEL,JSW Steel Limited,1175.2,N/A,48.24,N/A,N/A,44678925,317250,ACCUMULATION CONFIRMED,RECORDED,0,1/1,1264.1,2026-09-28,88.90,7.5647,RISEN,CORPORATE ACTION STATUS UNKNOWN (no heuristic flag)
2025-10-09,TATAPOWER,Tata Power Company Limited,388.2,N/A,54.72,N/A,N/A,59866150,298700,ACCUMULATION CONFIRMED,RECORDED,0,1/2,361.9,2026-09-28,-26.30,-6.7749,FALLEN,CORPORATE ACTION STATUS UNKNOWN (no heuristic flag)
2025-10-10,ASTRAL,Astral Limited,1427.1,N/A,57.01,N/A,N/A,8438375,214625,ACCUMULATION CONFIRMED,RECORDED,0,1/1,1370.5,2026-09-28,-56.60,-3.9661,FALLEN,CORPORATE ACTION STATUS UNKNOWN (no heuristic flag)
2025-10-10,DIVISLAB,Divi's Laboratories Limited,6474.5,N/A,47.32,N/A,N/A,2681800,134200,ACCUMULATION CONFIRMED,RECORDED,1,1/2,9550,2026-09-28,3075.50,47.5017,RISEN,CORPORATE ACTION STATUS UNKNOWN (no heuristic flag)
2025-10-10,HDFCAMC,HDFC Asset Management Company Limited,5520,N/A,72.72,N/A,N/A,2182350,4800,ACCUMULATION CONFIRMED,RECORDED,1,1/1,2302.3,2026-09-28,-3217.70,-58.2917,FALLEN,SUSPECTED discontinuity (heuristic ≥20% 1-day move): 2025-11-26 (-49.8%) — CORPORATE ACTION STATUS UNKNOWN
2025-10-10,IDFCFIRSTB,IDFC First Bank Limited,74.43,N/A,55.43,N/A,N/A,379291850,1215025,ACCUMULATION CONFIRMED,RECORDED,0,1/1,80.55,2026-09-28,6.12,8.2225,RISEN,CORPORATE ACTION STATUS UNKNOWN (no heuristic flag)
2025-10-10,LTIM,N/A,5471.5,N/A,50.48,N/A,N/A,2646750,73350,ACCUMULATION CONFIRMED,RECORDED,0,1/1,N/A,N/A,N/A,N/A,NO CURRENT DATA,NO PRICE AT LATEST SESSION (symbol absent) — CORPORATE ACTION STATUS UNKNOWN
2025-10-10,TATAPOWER,Tata Power Company Limited,390.1,N/A,50.04,N/A,N/A,60021300,155150,ACCUMULATION CONFIRMED,RECORDED,0,2/2,361.9,2026-09-28,-28.20,-7.2289,FALLEN,CORPORATE ACTION STATUS UNKNOWN (no heuristic flag)
2025-10-13,DIVISLAB,Divi's Laboratories Limited,6556,N/A,53.92,N/A,N/A,2691500,9700,ACCUMULATION CONFIRMED,RECORDED,1,2/2,9550,2026-09-28,2994.00,45.6681,RISEN,CORPORATE ACTION STATUS UNKNOWN (no heuristic flag)
2025-10-13,FEDERALBNK,The Federal Bank  Limited,213.02,N/A,47.91,N/A,N/A,89955000,4350000,ACCUMULATION CONFIRMED,RECORDED,0,1/2,325,2026-09-28,111.98,52.5678,RISEN,CORPORATE ACTION STATUS UNKNOWN (no heuristic flag)
2025-10-14,BIOCON,Biocon Limited,351.85,N/A,54.57,N/A,N/A,42967500,1682500,ACCUMULATION CONFIRMED,RECORDED,0,1/1,374.9,2026-09-28,23.05,6.5511,RISEN,CORPORATE ACTION STATUS UNKNOWN (no heuristic flag)
2025-10-14,FEDERALBNK,The Federal Bank  Limited,215.44,N/A,47.2,N/A,N/A,93795000,3840000,ACCUMULATION CONFIRMED,RECORDED,0,2/2,325,2026-09-28,109.56,50.8541,RISEN,CORPORATE ACTION STATUS UNKNOWN (no heuristic flag)
2025-10-14,LAURUSLABS,Laurus Labs Limited,877.95,N/A,57.56,N/A,N/A,21641000,547400,ACCUMULATION CONFIRMED,RECORDED,0,1/1,2010.7,2026-09-28,1132.75,129.0222,RISEN,CORPORATE ACTION STATUS UNKNOWN (no heuristic flag)
2025-10-15,360ONE,360 ONE WAM LIMITED,1160.4,N/A,47.8,N/A,N/A,3385500,763000,ACCUMULATION CONFIRMED,RECORDED,0,1/1,1045,2026-09-28,-115.40,-9.9448,FALLEN,CORPORATE ACTION STATUS UNKNOWN (no heuristic flag)
2025-10-15,BAJAJFINSV,Bajaj Finserv Limited,2084.1,N/A,54.08,N/A,N/A,17795500,130500,ACCUMULATION CONFIRMED,RECORDED,0,1/2,1752,2026-09-28,-332.10,-15.9349,FALLEN,CORPORATE ACTION STATUS UNKNOWN (no heuristic flag)
2025-10-15,BAJFINANCE,Bajaj Finance Limited,1059.9,N/A,60.67,N/A,N/A,87404250,703500,ACCUMULATION CONFIRMED,RECORDED,0,1/1,985,2026-09-28,-74.90,-7.0667,FALLEN,CORPORATE ACTION STATUS UNKNOWN (no heuristic flag)
2025-10-15,CIPLA,Cipla Limited,1558.7,N/A,69.22,N/A,N/A,11391750,241500,ACCUMULATION CONFIRMED,RECORDED,0,1/1,1383.7,2026-09-28,-175.00,-11.2273,FALLEN,CORPORATE ACTION STATUS UNKNOWN (no heuristic flag)
2025-10-15,HINDALCO,Hindalco Industries Limited,764.25,N/A,71.07,N/A,N/A,66081400,936600,ACCUMULATION CONFIRMED,RECORDED,1,1/1,955.9,2026-09-28,191.65,25.0769,RISEN,CORPORATE ACTION STATUS UNKNOWN (no heuristic flag)
2025-10-15,HINDPETRO,Hindustan Petroleum Corporation Limited,448.65,N/A,62.67,N/A,N/A,51680025,356400,ACCUMULATION CONFIRMED,RECORDED,1,1/1,342.45,2026-09-28,-106.20,-23.6710,FALLEN,CORPORATE ACTION STATUS UNKNOWN (no heuristic flag)
2025-10-15,IOC,Indian Oil Corporation Limited,153.69,N/A,70.51,N/A,N/A,99991125,3280875,ACCUMULATION CONFIRMED,RECORDED,2,1/1,133.32,2026-09-28,-20.37,-13.2540,FALLEN,CORPORATE ACTION STATUS UNKNOWN (no heuristic flag)
2025-10-15,SRF,SRF Limited,3088.6,N/A,67.24,N/A,N/A,2632200,2000,ACCUMULATION CONFIRMED,RECORDED,1,1/1,2491.5,2026-09-28,-597.10,-19.3324,FALLEN,CORPORATE ACTION STATUS UNKNOWN (no heuristic flag)
2025-10-15,WIPRO,Wipro Limited,250.21,N/A,51.16,N/A,N/A,134352000,4683000,ACCUMULATION CONFIRMED,RECORDED,0,1/1,161.56,2026-09-28,-88.65,-35.4302,FALLEN,CORPORATE ACTION STATUS UNKNOWN (no heuristic flag)
2025-10-16,ADANIPORTS,Adani Ports and Special Economic Zone Limited,1479.5,N/A,63.3,N/A,N/A,21939775,265525,ACCUMULATION CONFIRMED,RECORDED,0,1/1,1743.7,2026-09-28,264.20,17.8574,RISEN,CORPORATE ACTION STATUS UNKNOWN (no heuristic flag)
2025-10-16,BAJAJFINSV,Bajaj Finserv Limited,2090.2,N/A,64.4,N/A,N/A,18092000,296500,ACCUMULATION CONFIRMED,RECORDED,0,2/2,1752,2026-09-28,-338.20,-16.1803,FALLEN,CORPORATE ACTION STATUS UNKNOWN (no heuristic flag)
2025-10-16,ITC,ITC Limited,405.15,N/A,72.13,N/A,N/A,129587200,1155200,ACCUMULATION CONFIRMED,RECORDED,0,1/1,265.2,2026-09-28,-139.95,-34.5428,FALLEN,CORPORATE ACTION STATUS UNKNOWN (no heuristic flag)
2025-10-16,KOTAKBANK,Kotak Mahindra Bank Limited,2205.4,N/A,66.67,N/A,N/A,31769600,64400,ACCUMULATION CONFIRMED,RECORDED,0,1/1,401.55,2026-09-28,-1803.85,-81.7924,FALLEN,SUSPECTED discontinuity (heuristic ≥20% 1-day move): 2026-01-14 (-80.3%) — CORPORATE ACTION STATUS UNKNOWN
2025-10-16,PHOENIXLTD,The Phoenix Mills Limited,1694.9,N/A,61.18,N/A,N/A,4151350,321300,ACCUMULATION CONFIRMED,RECORDED,0,1/1,1952.2,2026-09-28,257.30,15.1808,RISEN,CORPORATE ACTION STATUS UNKNOWN (no heuristic flag)
2025-10-16,TATACONSUM,TATA CONSUMER PRODUCTS LIMITED,1149.3,N/A,56.27,N/A,N/A,16836050,122100,ACCUMULATION CONFIRMED,RECORDED,1,1/1,960,2026-09-28,-189.30,-16.4709,FALLEN,CORPORATE ACTION STATUS UNKNOWN (no heuristic flag)
2025-10-17,BHARTIARTL,Bharti Airtel Limited,2012,N/A,54.31,N/A,N/A,44999600,223250,ACCUMULATION CONFIRMED,RECORDED,0,1/1,1771.4,2026-09-28,-240.60,-11.9583,FALLEN,CORPORATE ACTION STATUS UNKNOWN (no heuristic flag)
2025-10-17,HINDUNILVR,Hindustan Unilever Limited,2603.7,N/A,60.55,N/A,N/A,13410000,116400,ACCUMULATION CONFIRMED,RECORDED,0,1/1,1896,2026-09-28,-707.70,-27.1806,FALLEN,CORPORATE ACTION STATUS UNKNOWN (no heuristic flag)
2025-10-17,MANKIND,Mankind Pharma Limited,2476.6,N/A,65.18,N/A,N/A,1644525,38250,ACCUMULATION CONFIRMED,RECORDED,1,1/1,2435.6,2026-09-28,-41.00,-1.6555,FALLEN,CORPORATE ACTION STATUS UNKNOWN (no heuristic flag)
2025-10-17,PIDILITIND,Pidilite Industries Limited,1542.7,N/A,51.23,N/A,N/A,9574500,88500,ACCUMULATION CONFIRMED,RECORDED,1,1/1,1503,2026-09-28,-39.70,-2.5734,FALLEN,CORPORATE ACTION STATUS UNKNOWN (no heuristic flag)
2025-10-20,CIPLA,Cipla Limited,1639.1,N/A,52.54,N/A,N/A,13409625,1643250,ACCUMULATION CONFIRMED,RECORDED,1,1/1,1383.7,2026-09-28,-255.40,-15.5817,FALLEN,CORPORATE ACTION STATUS UNKNOWN (no heuristic flag)
2025-10-29,BIOCON,Biocon Limited,373.7,N/A,47.49,N/A,N/A,40017500,225000,ACCUMULATION CONFIRMED,RECORDED,1,1/2,374.9,2026-09-28,1.20,0.3211,RISEN,CORPORATE ACTION STATUS UNKNOWN (no heuristic flag)
2025-10-29,DLF,DLF Limited,778.7,N/A,53.35,N/A,N/A,35202750,393525,ACCUMULATION CONFIRMED,RECORDED,0,1/1,663.55,2026-09-28,-115.15,-14.7875,FALLEN,CORPORATE ACTION STATUS UNKNOWN (no heuristic flag)
2025-10-29,GAIL,GAIL (India) Limited,184.64,N/A,48.83,N/A,N/A,85453200,2516850,ACCUMULATION CONFIRMED,RECORDED,0,1/1,172.45,2026-09-28,-12.19,-6.6020,FALLEN,CORPORATE ACTION STATUS UNKNOWN (no heuristic flag)
2025-10-29,GMRAIRPORT,GMR AIRPORTS LIMITED,92.97,N/A,61.63,N/A,N/A,230265675,7065675,ACCUMULATION CONFIRMED,RECORDED,0,1/2,94.75,2026-09-28,1.78,1.9146,RISEN,CORPORATE ACTION STATUS UNKNOWN (no heuristic flag)
2025-10-29,IRCTC,Indian Railway Catering And Tourism Corporation Limited,730.65,N/A,55.26,N/A,N/A,13826750,138250,ACCUMULATION CONFIRMED,RECORDED,0,1/1,453.5,2026-09-28,-277.15,-37.9320,FALLEN,CORPORATE ACTION STATUS UNKNOWN (no heuristic flag)
2025-10-29,MPHASIS,MphasiS Limited,2874.6,N/A,52.25,N/A,N/A,3959175,413600,ACCUMULATION CONFIRMED,RECORDED,0,1/1,2237.5,2026-09-28,-637.10,-22.1631,FALLEN,CORPORATE ACTION STATUS UNKNOWN (no heuristic flag)
2025-10-29,NBCC,NBCC (India) Limited,115.22,N/A,45.62,N/A,N/A,62517000,3568500,ACCUMULATION CONFIRMED,RECORDED,0,1/1,80.21,2026-09-28,-35.01,-30.3853,FALLEN,CORPORATE ACTION STATUS UNKNOWN (no heuristic flag)
2025-10-29,NTPC,NTPC Limited,347.5,N/A,55.93,N/A,N/A,98601000,2941500,ACCUMULATION CONFIRMED,RECORDED,0,1/1,321.1,2026-09-28,-26.40,-7.5971,FALLEN,CORPORATE ACTION STATUS UNKNOWN (no heuristic flag)
2025-10-29,PATANJALI,Patanjali Foods Limited,604.7,N/A,51.12,N/A,N/A,33264000,48600,ACCUMULATION CONFIRMED,RECORDED,0,1/1,390.8,2026-09-28,-213.90,-35.3729,FALLEN,CORPORATE ACTION STATUS UNKNOWN (no heuristic flag)
2025-10-29,PETRONET,Petronet LNG Limited,283.75,N/A,63.63,N/A,N/A,43473600,1110600,ACCUMULATION CONFIRMED,RECORDED,1,1/1,289.85,2026-09-28,6.10,2.1498,RISEN,CORPORATE ACTION STATUS UNKNOWN (no heuristic flag)
2025-10-29,UPL,UPL Limited,720.05,N/A,45.9,N/A,N/A,33151430,163955,ACCUMULATION CONFIRMED,RECORDED,0,1/1,549.5,2026-09-28,-170.55,-23.6859,FALLEN,CORPORATE ACTION STATUS UNKNOWN (no heuristic flag)
2025-10-30,BIOCON,Biocon Limited,376.6,N/A,45.92,N/A,N/A,41310000,1292500,ACCUMULATION CONFIRMED,RECORDED,1,2/2,374.9,2026-09-28,-1.70,-0.4514,FALLEN,CORPORATE ACTION STATUS UNKNOWN (no heuristic flag)
2025-10-30,GLENMARK,Glenmark Pharmaceuticals Limited,1882.8,N/A,56.8,N/A,N/A,8995125,45750,ACCUMULATION CONFIRMED,RECORDED,0,1/1,2325.7,2026-09-28,442.90,23.5235,RISEN,CORPORATE ACTION STATUS UNKNOWN (no heuristic flag)
2025-10-30,GMRAIRPORT,GMR AIRPORTS LIMITED,94.47,N/A,46.24,N/A,N/A,232427925,2162250,ACCUMULATION CONFIRMED,RECORDED,0,2/2,94.75,2026-09-28,0.28,0.2964,RISEN,CORPORATE ACTION STATUS UNKNOWN (no heuristic flag)
2025-10-31,ASHOKLEY,Ashok Leyland Limited,141.53,N/A,46.57,N/A,N/A,137375000,1965000,ACCUMULATION CONFIRMED,RECORDED,0,1/1,155.22,2026-09-28,13.69,9.6729,RISEN,CORPORATE ACTION STATUS UNKNOWN (no heuristic flag)
2025-10-31,HINDPETRO,Hindustan Petroleum Corporation Limited,476,N/A,46.89,N/A,N/A,44169300,127575,ACCUMULATION CONFIRMED,RECORDED,2,1/1,342.45,2026-09-28,-133.55,-28.0567,FALLEN,CORPORATE ACTION STATUS UNKNOWN (no heuristic flag)
2025-10-31,INDIANB,Indian Bank,858.7,N/A,52.77,N/A,N/A,10862000,1681000,ACCUMULATION CONFIRMED,RECORDED,0,1/1,802.45,2026-09-28,-56.25,-6.5506,FALLEN,CORPORATE ACTION STATUS UNKNOWN (no heuristic flag)
2025-10-31,LUPIN,Lupin Limited,1963.5,N/A,60.42,N/A,N/A,11103125,266050,ACCUMULATION CONFIRMED,RECORDED,0,1/3,2062,2026-09-28,98.50,5.0166,RISEN,CORPORATE ACTION STATUS UNKNOWN (no heuristic flag)
2025-10-31,SBIN,State Bank of India,937,N/A,54.72,N/A,N/A,77928750,1550250,ACCUMULATION CONFIRMED,RECORDED,0,1/1,962,2026-09-28,25.00,2.6681,RISEN,CORPORATE ACTION STATUS UNKNOWN (no heuristic flag)
2025-10-31,SHRIRAMFIN,Shriram Finance Limited,748.9,N/A,50.78,N/A,N/A,52828875,3990525,ACCUMULATION CONFIRMED,RECORDED,0,1/1,976.3,2026-09-28,227.40,30.3645,RISEN,CORPORATE ACTION STATUS UNKNOWN (no heuristic flag)
2025-11-03,ASTRAL,Astral Limited,1480.7,N/A,49.05,N/A,N/A,8239900,104975,ACCUMULATION CONFIRMED,RECORDED,1,1/1,1370.5,2026-09-28,-110.20,-7.4424,FALLEN,CORPORATE ACTION STATUS UNKNOWN (no heuristic flag)
2025-11-03,BIOCON,Biocon Limited,377.15,N/A,70.69,N/A,N/A,42097500,817500,ACCUMULATION CONFIRMED,RECORDED,2,1/1,374.9,2026-09-28,-2.25,-0.5966,FALLEN,CORPORATE ACTION STATUS UNKNOWN (no heuristic flag)
2025-11-03,CUMMINSIND,Cummins India Limited,4379.7,N/A,74.2,N/A,N/A,2933400,56400,ACCUMULATION CONFIRMED,RECORDED,0,1/1,4855,2026-09-28,475.30,10.8523,RISEN,CORPORATE ACTION STATUS UNKNOWN (no heuristic flag)
2025-11-03,LICI,Life Insurance Corporation Of India,919.9,N/A,63.64,N/A,N/A,8831900,515900,ACCUMULATION CONFIRMED,RECORDED,0,1/1,400.65,2026-09-28,-519.25,-56.4464,FALLEN,SUSPECTED discontinuity (heuristic ≥20% 1-day move): 2026-05-29 (-50.4%) — CORPORATE ACTION STATUS UNKNOWN
2025-11-03,LUPIN,Lupin Limited,1983.8,N/A,60.3,N/A,N/A,11914875,811750,ACCUMULATION CONFIRMED,DERIVED ,0,2/3,2062,2026-09-28,78.20,3.9419,RISEN,CORPORATE ACTION STATUS UNKNOWN (no heuristic flag)
2025-11-04,CHOLAFIN,Cholamandalam Investment and Finance Company Limited,1745.9,N/A,69.86,N/A,N/A,15308125,285625,ACCUMULATION CONFIRMED,RECORDED,0,1/1,1634.2,2026-09-28,-111.70,-6.3978,FALLEN,CORPORATE ACTION STATUS UNKNOWN (no heuristic flag)
2025-11-04,DELHIVERY,Delhivery Limited,484.85,N/A,46.08,N/A,N/A,19507075,879800,ACCUMULATION CONFIRMED,RECORDED,1,1/1,407.5,2026-09-28,-77.35,-15.9534,FALLEN,CORPORATE ACTION STATUS UNKNOWN (no heuristic flag)
2025-11-04,LUPIN,Lupin Limited,1997,N/A,53.3,N/A,N/A,12225975,311100,ACCUMULATION CONFIRMED,RECORDED,0,3/3,2062,2026-09-28,65.00,3.2549,RISEN,CORPORATE ACTION STATUS UNKNOWN (no heuristic flag)
2025-11-04,MFSL,Max Financial Services Limited,1592.4,N/A,70.3,N/A,N/A,6091600,3600,ACCUMULATION CONFIRMED,RECORDED,1,1/1,1444,2026-09-28,-148.40,-9.3193,FALLEN,CORPORATE ACTION STATUS UNKNOWN (no heuristic flag)
2025-11-06,BIOCON,Biocon Limited,385.2,N/A,47.64,N/A,N/A,43142500,165000,ACCUMULATION CONFIRMED,RECORDED,3,1/1,374.9,2026-09-28,-10.30,-2.6739,FALLEN,CORPORATE ACTION STATUS UNKNOWN (no heuristic flag)
2025-11-06,BRITANNIA,Britannia Industries Limited,6013.5,N/A,46.51,N/A,N/A,3533375,229375,ACCUMULATION CONFIRMED,RECORDED,0,1/2,4915,2026-09-28,-1098.50,-18.2672,FALLEN,CORPORATE ACTION STATUS UNKNOWN (no heuristic flag)
2025-11-06,DIVISLAB,Divi's Laboratories Limited,6883.5,N/A,51.3,N/A,N/A,3415200,440900,ACCUMULATION CONFIRMED,RECORDED,2,1/1,9550,2026-09-28,2666.50,38.7376,RISEN,CORPORATE ACTION STATUS UNKNOWN (no heuristic flag)
2025-11-07,ALKEM,Alkem Laboratories Limited,5668.5,N/A,75.58,N/A,N/A,1524625,60250,ACCUMULATION CONFIRMED,RECORDED,0,1/1,5175,2026-09-28,-493.50,-8.7060,FALLEN,CORPORATE ACTION STATUS UNKNOWN (no heuristic flag)
2025-11-07,BRITANNIA,Britannia Industries Limited,6157.5,N/A,55.64,N/A,N/A,3777375,244000,ACCUMULATION CONFIRMED,RECORDED,0,2/2,4915,2026-09-28,-1242.50,-20.1786,FALLEN,CORPORATE ACTION STATUS UNKNOWN (no heuristic flag)
2025-11-07,EICHERMOT,Eicher Motors Limited,6886,N/A,60.77,N/A,N/A,3184125,92750,ACCUMULATION CONFIRMED,RECORDED,0,1/1,7213.5,2026-09-28,327.50,4.7560,RISEN,CORPORATE ACTION STATUS UNKNOWN (no heuristic flag)
2025-11-07,SHRIRAMFIN,Shriram Finance Limited,816.35,N/A,48.61,N/A,N/A,52698525,955350,ACCUMULATION CONFIRMED,RECORDED,1,1/1,976.3,2026-09-28,159.95,19.5933,RISEN,CORPORATE ACTION STATUS UNKNOWN (no heuristic flag)
2025-11-10,ASIANPAINT,Asian Paints Limited,2650.4,N/A,64.53,N/A,N/A,12834000,368000,ACCUMULATION CONFIRMED,RECORDED,0,1/1,2420,2026-09-28,-230.40,-8.6930,FALLEN,CORPORATE ACTION STATUS UNKNOWN (no heuristic flag)
2025-11-10,BAJAJ-AUTO,Bajaj Auto Limited,8772,N/A,55.27,N/A,N/A,3402225,40350,ACCUMULATION CONFIRMED,RECORDED,1,1/1,11024,2026-09-28,2252.00,25.6726,RISEN,CORPORATE ACTION STATUS UNKNOWN (no heuristic flag)
2025-11-10,MANAPPURAM,Manappuram Finance Limited,277.95,N/A,46.44,N/A,N/A,42918000,1686000,ACCUMULATION CONFIRMED,RECORDED,0,1/1,313,2026-09-28,35.05,12.6102,RISEN,CORPORATE ACTION STATUS UNKNOWN (no heuristic flag)
2025-11-10,TECHM,Tech Mahindra Limited,1397.8,N/A,74.31,N/A,N/A,20260800,1369200,ACCUMULATION CONFIRMED,RECORDED,1,1/2,1542.2,2026-09-28,144.40,10.3305,RISEN,CORPORATE ACTION STATUS UNKNOWN (no heuristic flag)
2025-11-11,IOC,Indian Oil Corporation Limited,172.44,N/A,55.78,N/A,N/A,92820000,4875,ACCUMULATION CONFIRMED,RECORDED,3,1/1,133.32,2026-09-28,-39.12,-22.6862,FALLEN,CORPORATE ACTION STATUS UNKNOWN (no heuristic flag)
2025-11-11,PERSISTENT,Persistent Systems Limited,6031,N/A,46.36,N/A,N/A,2449800,109800,ACCUMULATION CONFIRMED,RECORDED,0,1/1,5328.5,2026-09-28,-702.50,-11.6482,FALLEN,CORPORATE ACTION STATUS UNKNOWN (no heuristic flag)
2025-11-11,TECHM,Tech Mahindra Limited,1408,N/A,73.93,N/A,N/A,20973000,712200,ACCUMULATION CONFIRMED,RECORDED,1,2/2,1542.2,2026-09-28,134.20,9.5313,RISEN,CORPORATE ACTION STATUS UNKNOWN (no heuristic flag)
2025-11-12,CONCOR,Container Corporation of India Limited,530.45,N/A,59.14,N/A,N/A,29117500,561250,ACCUMULATION CONFIRMED,RECORDED,0,1/1,450,2026-09-28,-80.45,-15.1664,FALLEN,CORPORATE ACTION STATUS UNKNOWN (no heuristic flag)
2025-11-12,ETERNAL,ETERNAL LIMITED,308.8,N/A,61,N/A,N/A,270261400,1568975,ACCUMULATION CONFIRMED,RECORDED,0,1/1,330.95,2026-09-28,22.15,7.1729,RISEN,CORPORATE ACTION STATUS UNKNOWN (no heuristic flag)
2025-11-12,GLENMARK,Glenmark Pharmaceuticals Limited,1847.8,N/A,71.35,N/A,N/A,10670625,1087500,ACCUMULATION CONFIRMED,RECORDED,1,1/3,2325.7,2026-09-28,477.90,25.8632,RISEN,CORPORATE ACTION STATUS UNKNOWN (no heuristic flag)
2025-11-12,ICICIPRULI,ICICI Prudential Life Insurance Company Limited,632.95,N/A,70.96,N/A,N/A,12946300,157250,ACCUMULATION CONFIRMED,RECORDED,0,1/1,458.7,2026-09-28,-174.25,-27.5298,FALLEN,CORPORATE ACTION STATUS UNKNOWN (no heuristic flag)
2025-11-12,LTIM,N/A,5893.5,N/A,46.02,N/A,N/A,2257350,150,ACCUMULATION CONFIRMED,RECORDED,1,1/1,N/A,N/A,N/A,N/A,NO CURRENT DATA,NO PRICE AT LATEST SESSION (symbol absent) — CORPORATE ACTION STATUS UNKNOWN
2025-11-12,MOTHERSON,Samvardhana Motherson International Limited,105.92,N/A,57.72,N/A,N/A,164567850,6506700,ACCUMULATION CONFIRMED,RECORDED,0,1/1,162.37,2026-09-28,56.45,53.2949,RISEN,CORPORATE ACTION STATUS UNKNOWN (no heuristic flag)
2025-11-12,SRF,SRF Limited,2941.4,N/A,70.76,N/A,N/A,3577000,50000,ACCUMULATION CONFIRMED,RECORDED,2,1/1,2491.5,2026-09-28,-449.90,-15.2954,FALLEN,CORPORATE ACTION STATUS UNKNOWN (no heuristic flag)
2025-11-12,SYNGENE,Syngene International Limited,663.85,N/A,50.33,N/A,N/A,8646000,163000,ACCUMULATION CONFIRMED,RECORDED,0,1/1,376,2026-09-28,-287.85,-43.3607,FALLEN,CORPORATE ACTION STATUS UNKNOWN (no heuristic flag)
2025-11-13,GLENMARK,Glenmark Pharmaceuticals Limited,1880.6,N/A,45.02,N/A,N/A,10815000,144375,ACCUMULATION CONFIRMED,DERIVED ,1,2/3,2325.7,2026-09-28,445.10,23.6680,RISEN,CORPORATE ACTION STATUS UNKNOWN (no heuristic flag)
2025-11-13,NMDC,NMDC Limited,77.39,N/A,45.58,N/A,N/A,294104250,2207250,ACCUMULATION CONFIRMED,RECORDED,1,1/1,77.43,2026-09-28,0.04,0.0517,RISEN,CORPORATE ACTION STATUS UNKNOWN (no heuristic flag)
2025-11-14,ASIANPAINT,Asian Paints Limited,2906.4,N/A,64.74,N/A,N/A,12974000,128750,ACCUMULATION CONFIRMED,RECORDED,1,1/1,2420,2026-09-28,-486.40,-16.7355,FALLEN,CORPORATE ACTION STATUS UNKNOWN (no heuristic flag)
2025-11-14,AUROPHARMA,Aurobindo Pharma Limited,1222.5,N/A,50.79,N/A,N/A,23027400,413600,ACCUMULATION CONFIRMED,RECORDED,0,1/1,1697.5,2026-09-28,475.00,38.8548,RISEN,CORPORATE ACTION STATUS UNKNOWN (no heuristic flag)
2025-11-14,GLENMARK,Glenmark Pharmaceuticals Limited,1895.6,N/A,45.42,N/A,N/A,11332125,517125,ACCUMULATION CONFIRMED,RECORDED,1,3/3,2325.7,2026-09-28,430.10,22.6894,RISEN,CORPORATE ACTION STATUS UNKNOWN (no heuristic flag)
2025-11-14,SIEMENS,Siemens Limited,3084.2,N/A,45.27,N/A,N/A,2556375,24125,ACCUMULATION CONFIRMED,RECORDED,0,1/1,3785.5,2026-09-28,701.30,22.7385,RISEN,CORPORATE ACTION STATUS UNKNOWN (no heuristic flag)
2025-11-17,POLICYBZR,PB Fintech Limited,1815.7,N/A,58.72,N/A,N/A,8460200,232050,ACCUMULATION CONFIRMED,RECORDED,0,1/1,1151.3,2026-09-28,-664.40,-36.5919,FALLEN,SUSPECTED discontinuity (heuristic ≥20% 1-day move): 2026-09-24 (-36.0%) — CORPORATE ACTION STATUS UNKNOWN
2025-11-18,CONCOR,Container Corporation of India Limited,522.6,N/A,64.62,N/A,N/A,32632500,1130000,ACCUMULATION CONFIRMED,RECORDED,1,1/1,450,2026-09-28,-72.60,-13.8921,FALLEN,CORPORATE ACTION STATUS UNKNOWN (no heuristic flag)
2025-11-19,TECHM,Tech Mahindra Limited,1433.9,N/A,74.98,N/A,N/A,19882200,546000,ACCUMULATION CONFIRMED,RECORDED,2,1/1,1542.2,2026-09-28,108.30,7.5528,RISEN,CORPORATE ACTION STATUS UNKNOWN (no heuristic flag)
2025-11-26,AUBANK,AU Small Finance Bank Limited,953.75,N/A,64.97,N/A,N/A,15537000,90000,ACCUMULATION CONFIRMED,RECORDED,0,1/1,995.3,2026-09-28,41.55,4.3565,RISEN,CORPORATE ACTION STATUS UNKNOWN (no heuristic flag)
2025-11-26,HDFCLIFE,HDFC Life Insurance Company Limited,787.55,N/A,58.38,N/A,N/A,26238300,125400,ACCUMULATION CONFIRMED,RECORDED,0,1/1,531.6,2026-09-28,-255.95,-32.4995,FALLEN,CORPORATE ACTION STATUS UNKNOWN (no heuristic flag)
2025-11-26,LAURUSLABS,Laurus Labs Limited,986.6,N/A,72.14,N/A,N/A,16088800,434350,ACCUMULATION CONFIRMED,RECORDED,1,1/1,2010.7,2026-09-28,1024.10,103.8009,RISEN,CORPORATE ACTION STATUS UNKNOWN (no heuristic flag)
2025-11-26,LICHSGFIN,LIC Housing Finance Limited,555.8,N/A,74.13,N/A,N/A,33089000,444000,ACCUMULATION CONFIRMED,RECORDED,0,1/1,564.15,2026-09-28,8.35,1.5023,RISEN,CORPORATE ACTION STATUS UNKNOWN (no heuristic flag)
2025-11-26,SAIL,Steel Authority of India Limited,136.92,N/A,45.81,N/A,N/A,150996900,13329200,ACCUMULATION CONFIRMED,RECORDED,0,1/1,184.2,2026-09-28,47.28,34.5311,RISEN,CORPORATE ACTION STATUS UNKNOWN (no heuristic flag)
2025-11-26,UNOMINDA,UNO Minda Limited,1320.1,N/A,69.61,N/A,N/A,4623850,484000,ACCUMULATION CONFIRMED,RECORDED,1,1/1,1173,2026-09-28,-147.10,-11.1431,FALLEN,CORPORATE ACTION STATUS UNKNOWN (no heuristic flag)
2025-11-27,JSWSTEEL,JSW Steel Limited,1160.6,N/A,51.57,N/A,N/A,45108225,1110375,ACCUMULATION CONFIRMED,RECORDED,1,1/1,1264.1,2026-09-28,103.50,8.9178,RISEN,CORPORATE ACTION STATUS UNKNOWN (no heuristic flag)
2025-11-28,CUMMINSIND,Cummins India Limited,4479.3,N/A,61.18,N/A,N/A,3126600,29400,ACCUMULATION CONFIRMED,RECORDED,1,1/1,4855,2026-09-28,375.70,8.3875,RISEN,CORPORATE ACTION STATUS UNKNOWN (no heuristic flag)
2025-11-28,NUVAMA,Nuvama Wealth Management Limited,7462.5,N/A,46.24,N/A,N/A,360825,27825,ACCUMULATION CONFIRMED,RECORDED,0,1/1,1640.6,2026-09-28,-5821.90,-78.0154,FALLEN,SUSPECTED discontinuity (heuristic ≥20% 1-day move): 2025-12-26 (-80.4%) — CORPORATE ACTION STATUS UNKNOWN
2025-12-01,JSWSTEEL,JSW Steel Limited,1168.4,N/A,53.14,N/A,N/A,46927350,1204200,ACCUMULATION CONFIRMED,RECORDED,2,1/1,1264.1,2026-09-28,95.70,8.1907,RISEN,CORPORATE ACTION STATUS UNKNOWN (no heuristic flag)
2025-12-01,NMDC,NMDC Limited,75.39,N/A,46.83,N/A,N/A,328259250,3395250,ACCUMULATION CONFIRMED,RECORDED,2,1/1,77.43,2026-09-28,2.04,2.7059,RISEN,CORPORATE ACTION STATUS UNKNOWN (no heuristic flag)
2025-12-02,MOTHERSON,Samvardhana Motherson International Limited,119.26,N/A,47.01,N/A,N/A,177612000,4587900,ACCUMULATION CONFIRMED,RECORDED,1,1/1,162.37,2026-09-28,43.11,36.1479,RISEN,CORPORATE ACTION STATUS UNKNOWN (no heuristic flag)
2025-12-02,SHREECEM,SHREE CEMENT LIMITED,26545,N/A,71.2,N/A,N/A,283450,16925,ACCUMULATION CONFIRMED,RECORDED,0,1/1,22170,2026-09-28,-4375.00,-16.4814,FALLEN,CORPORATE ACTION STATUS UNKNOWN (no heuristic flag)
2025-12-04,ADANIENT,Adani Enterprises Limited,2217.9,N/A,56.1,N/A,N/A,20195004,492237,ACCUMULATION CONFIRMED,RECORDED,0,1/1,2831.1,2026-09-28,613.20,27.6478,RISEN,CORPORATE ACTION STATUS UNKNOWN (no heuristic flag)
2025-12-04,PERSISTENT,Persistent Systems Limited,6452,N/A,50.78,N/A,N/A,1988300,7000,ACCUMULATION CONFIRMED,RECORDED,1,1/1,5328.5,2026-09-28,-1123.50,-17.4132,FALLEN,CORPORATE ACTION STATUS UNKNOWN (no heuristic flag)
2025-12-09,FEDERALBNK,The Federal Bank  Limited,260.85,N/A,68.47,N/A,N/A,59550000,305000,ACCUMULATION CONFIRMED,RECORDED,1,1/1,325,2026-09-28,64.15,24.5927,RISEN,CORPORATE ACTION STATUS UNKNOWN (no heuristic flag)
2025-12-10,AUBANK,AU Small Finance Bank Limited,993.7,N/A,55.01,N/A,N/A,18109000,2484000,ACCUMULATION CONFIRMED,RECORDED,1,1/1,995.3,2026-09-28,1.60,0.1610,RISEN,CORPORATE ACTION STATUS UNKNOWN (no heuristic flag)
2025-12-10,ICICIPRULI,ICICI Prudential Life Insurance Company Limited,642.85,N/A,53.34,N/A,N/A,14731550,179450,ACCUMULATION CONFIRMED,RECORDED,1,1/1,458.7,2026-09-28,-184.15,-28.6459,FALLEN,CORPORATE ACTION STATUS UNKNOWN (no heuristic flag)
2025-12-10,PFC,Power Finance Corporation Limited,343.85,N/A,58.79,N/A,N/A,74984000,76700,ACCUMULATION CONFIRMED,RECORDED,1,1/1,330,2026-09-28,-13.85,-4.0279,FALLEN,CORPORATE ACTION STATUS UNKNOWN (no heuristic flag)
2025-12-11,AMBUJACEM,Ambuja Cements Limited,536.1,N/A,69.43,N/A,N/A,48365100,613200,ACCUMULATION CONFIRMED,RECORDED,0,1/1,374.35,2026-09-28,-161.75,-30.1716,FALLEN,CORPORATE ACTION STATUS UNKNOWN (no heuristic flag)
2025-12-11,MOTHERSON,Samvardhana Motherson International Limited,119.8,N/A,46.52,N/A,N/A,180330300,9391050,ACCUMULATION CONFIRMED,RECORDED,2,1/1,162.37,2026-09-28,42.57,35.5342,RISEN,CORPORATE ACTION STATUS UNKNOWN (no heuristic flag)
2025-12-11,PNBHOUSING,PNB Housing Finance Limited,900.15,N/A,47.23,N/A,N/A,15501850,357500,ACCUMULATION CONFIRMED,RECORDED,0,1/1,1085,2026-09-28,184.85,20.5355,RISEN,CORPORATE ACTION STATUS UNKNOWN (no heuristic flag)
2025-12-12,CHOLAFIN,Cholamandalam Investment and Finance Company Limited,1735.6,N/A,72.4,N/A,N/A,13332500,480000,ACCUMULATION CONFIRMED,RECORDED,1,1/1,1634.2,2026-09-28,-101.40,-5.8424,FALLEN,CORPORATE ACTION STATUS UNKNOWN (no heuristic flag)
2025-12-12,GAIL,GAIL (India) Limited,170.71,N/A,52.12,N/A,N/A,92228850,3931200,ACCUMULATION CONFIRMED,RECORDED,1,1/1,172.45,2026-09-28,1.74,1.0193,RISEN,CORPORATE ACTION STATUS UNKNOWN (no heuristic flag)
2025-12-12,GMRAIRPORT,GMR AIRPORTS LIMITED,104.34,N/A,52.14,N/A,N/A,170727075,111600,ACCUMULATION CONFIRMED,RECORDED,1,1/1,94.75,2026-09-28,-9.59,-9.1911,FALLEN,CORPORATE ACTION STATUS UNKNOWN (no heuristic flag)
2025-12-12,HINDALCO,Hindalco Industries Limited,852.1,N/A,51.88,N/A,N/A,77721700,1071700,ACCUMULATION CONFIRMED,RECORDED,2,1/1,955.9,2026-09-28,103.80,12.1817,RISEN,CORPORATE ACTION STATUS UNKNOWN (no heuristic flag)
2025-12-12,IOC,Indian Oil Corporation Limited,163.67,N/A,51.75,N/A,N/A,85843875,1189500,ACCUMULATION CONFIRMED,RECORDED,4,1/1,133.32,2026-09-28,-30.35,-18.5434,FALLEN,CORPORATE ACTION STATUS UNKNOWN (no heuristic flag)
2025-12-12,LODHA,Lodha Developers Limited,1091.1,N/A,66.44,N/A,N/A,12210750,265500,ACCUMULATION CONFIRMED,RECORDED,1,1/1,1117.1,2026-09-28,26.00,2.3829,RISEN,CORPORATE ACTION STATUS UNKNOWN (no heuristic flag)
2025-12-12,MANKIND,Mankind Pharma Limited,2178.8,N/A,75.03,N/A,N/A,2243700,18000,ACCUMULATION CONFIRMED,RECORDED,2,1/1,2435.6,2026-09-28,256.80,11.7863,RISEN,CORPORATE ACTION STATUS UNKNOWN (no heuristic flag)
2025-12-12,NMDC,NMDC Limited,77.94,N/A,49.44,N/A,N/A,318539250,3854250,ACCUMULATION CONFIRMED,RECORDED,3,1/2,77.43,2026-09-28,-0.51,-0.6543,FALLEN,CORPORATE ACTION STATUS UNKNOWN (no heuristic flag)
2025-12-12,SONACOMS,Sona BLW Precision Forgings Limited,492.5,N/A,68.73,N/A,N/A,13784400,248850,ACCUMULATION CONFIRMED,RECORDED,0,1/1,807.9,2026-09-28,315.40,64.0406,RISEN,CORPORATE ACTION STATUS UNKNOWN (no heuristic flag)
2025-12-12,SYNGENE,Syngene International Limited,647,N/A,56.77,N/A,N/A,8417000,132000,ACCUMULATION CONFIRMED,RECORDED,1,1/1,376,2026-09-28,-271.00,-41.8856,FALLEN,CORPORATE ACTION STATUS UNKNOWN (no heuristic flag)
2025-12-12,TATAPOWER,Tata Power Company Limited,381.95,N/A,74.75,N/A,N/A,52469700,37700,ACCUMULATION CONFIRMED,RECORDED,1,1/1,361.9,2026-09-28,-20.05,-5.2494,FALLEN,CORPORATE ACTION STATUS UNKNOWN (no heuristic flag)
2025-12-12,VEDL,Vedanta Limited,543.6,N/A,46.41,N/A,N/A,108885450,3888150,ACCUMULATION CONFIRMED,RECORDED,1,1/1,259,2026-09-28,-284.60,-52.3547,FALLEN,SUSPECTED discontinuity (heuristic ≥20% 1-day move): 2026-04-30 (-64.9%) — CORPORATE ACTION STATUS UNKNOWN
2025-12-15,NMDC,NMDC Limited,78.55,N/A,49.09,N/A,N/A,322683750,4144500,ACCUMULATION CONFIRMED,RECORDED,3,2/2,77.43,2026-09-28,-1.12,-1.4258,FALLEN,CORPORATE ACTION STATUS UNKNOWN (no heuristic flag)
2025-12-15,PHOENIXLTD,The Phoenix Mills Limited,1789.4,N/A,45.05,N/A,N/A,3329200,17850,ACCUMULATION CONFIRMED,RECORDED,1,1/1,1952.2,2026-09-28,162.80,9.0980,RISEN,CORPORATE ACTION STATUS UNKNOWN (no heuristic flag)
2025-12-17,APLAPOLLO,APL Apollo Tubes Limited,1764.5,N/A,53.38,N/A,N/A,7556150,62300,ACCUMULATION CONFIRMED,RECORDED,1,1/1,2197,2026-09-28,432.50,24.5112,RISEN,CORPORATE ACTION STATUS UNKNOWN (no heuristic flag)
2025-12-17,AUBANK,AU Small Finance Bank Limited,990.3,N/A,65.72,N/A,N/A,18649000,583000,ACCUMULATION CONFIRMED,RECORDED,2,1/1,995.3,2026-09-28,5.00,0.5049,RISEN,CORPORATE ACTION STATUS UNKNOWN (no heuristic flag)
2025-12-17,IOC,Indian Oil Corporation Limited,168.16,N/A,57,N/A,N/A,90948000,892125,ACCUMULATION CONFIRMED,RECORDED,5,1/1,133.32,2026-09-28,-34.84,-20.7184,FALLEN,CORPORATE ACTION STATUS UNKNOWN (no heuristic flag)
2025-12-17,LTIM,N/A,6252.5,N/A,59.98,N/A,N/A,2115600,42450,ACCUMULATION CONFIRMED,RECORDED,2,1/1,N/A,N/A,N/A,N/A,NO CURRENT DATA,NO PRICE AT LATEST SESSION (symbol absent) — CORPORATE ACTION STATUS UNKNOWN
2025-12-17,PATANJALI,Patanjali Foods Limited,543.9,N/A,45.61,N/A,N/A,36126000,774900,ACCUMULATION CONFIRMED,RECORDED,1,1/1,390.8,2026-09-28,-153.10,-28.1486,FALLEN,CORPORATE ACTION STATUS UNKNOWN (no heuristic flag)
2025-12-17,SHRIRAMFIN,Shriram Finance Limited,864.2,N/A,54.6,N/A,N/A,63834375,207075,ACCUMULATION CONFIRMED,RECORDED,2,1/1,976.3,2026-09-28,112.10,12.9715,RISEN,CORPORATE ACTION STATUS UNKNOWN (no heuristic flag)
2025-12-18,ICICIPRULI,ICICI Prudential Life Insurance Company Limited,645.65,N/A,81.75,N/A,N/A,16003425,32375,ACCUMULATION CONFIRMED,RECORDED,2,1/1,458.7,2026-09-28,-186.95,-28.9553,FALLEN,CORPORATE ACTION STATUS UNKNOWN (no heuristic flag)
2025-12-18,LICI,Life Insurance Corporation Of India,847.4,N/A,70.42,N/A,N/A,10159800,312200,ACCUMULATION CONFIRMED,RECORDED,1,1/1,400.65,2026-09-28,-446.75,-52.7201,FALLEN,SUSPECTED discontinuity (heuristic ≥20% 1-day move): 2026-05-29 (-50.4%) — CORPORATE ACTION STATUS UNKNOWN
2025-12-19,ASIANPAINT,Asian Paints Limited,2799.9,N/A,78.78,N/A,N/A,12333000,789750,ACCUMULATION CONFIRMED,RECORDED,2,1/1,2420,2026-09-28,-379.90,-13.5683,FALLEN,CORPORATE ACTION STATUS UNKNOWN (no heuristic flag)
2025-12-19,DELHIVERY,Delhivery Limited,405.95,N/A,72.92,N/A,N/A,15259550,286350,ACCUMULATION CONFIRMED,RECORDED,2,1/1,407.5,2026-09-28,1.55,0.3818,RISEN,CORPORATE ACTION STATUS UNKNOWN (no heuristic flag)
2025-12-19,MANAPPURAM,Manappuram Finance Limited,292.65,N/A,48.86,N/A,N/A,37632000,714000,ACCUMULATION CONFIRMED,RECORDED,1,1/1,313,2026-09-28,20.35,6.9537,RISEN,CORPORATE ACTION STATUS UNKNOWN (no heuristic flag)
2025-12-19,SONACOMS,Sona BLW Precision Forgings Limited,496.8,N/A,67.93,N/A,N/A,13979700,152250,ACCUMULATION CONFIRMED,RECORDED,1,1/1,807.9,2026-09-28,311.10,62.6208,RISEN,CORPORATE ACTION STATUS UNKNOWN (no heuristic flag)
2025-12-22,IRCTC,Indian Railway Catering And Tourism Corporation Limited,681.65,N/A,45.31,N/A,N/A,18122125,136500,ACCUMULATION CONFIRMED,RECORDED,1,1/1,453.5,2026-09-28,-228.15,-33.4703,FALLEN,CORPORATE ACTION STATUS UNKNOWN (no heuristic flag)
2025-12-30,MARUTI,Maruti Suzuki India Limited,16647,N/A,71.68,N/A,N/A,579500,17000,ACCUMULATION CONFIRMED,RECORDED,0,1/1,12008,2026-09-28,-4639.00,-27.8669,FALLEN,CORPORATE ACTION STATUS UNKNOWN (no heuristic flag)
2025-12-31,ABCAPITAL,Aditya Birla Capital Limited,357.7,N/A,54.94,N/A,N/A,76526600,1692600,ACCUMULATION CONFIRMED,RECORDED,0,1/1,382.7,2026-09-28,25.00,6.9891,RISEN,CORPORATE ACTION STATUS UNKNOWN (no heuristic flag)
2025-12-31,BAJAJHLDNG,Bajaj Holdings & Investment Limited,11328,N/A,46.29,N/A,N/A,52200,52200,ACCUMULATION CONFIRMED,RECORDED,0,1/1,10800,2026-09-28,-528.00,-4.6610,FALLEN,CORPORATE ACTION STATUS UNKNOWN (no heuristic flag)
2025-12-31,BPCL,Bharat Petroleum Corporation Limited,384,N/A,54.47,N/A,N/A,25682900,1694550,ACCUMULATION CONFIRMED,RECORDED,0,1/1,302.25,2026-09-28,-81.75,-21.2891,FALLEN,CORPORATE ACTION STATUS UNKNOWN (no heuristic flag)
2025-12-31,DABUR,Dabur India Limited,503.6,N/A,55.19,N/A,N/A,20291250,640000,ACCUMULATION CONFIRMED,RECORDED,0,1/1,385.75,2026-09-28,-117.85,-23.4015,FALLEN,CORPORATE ACTION STATUS UNKNOWN (no heuristic flag)
2025-12-31,GODREJCP,Godrej Consumer Products Limited,1222.2,N/A,64.88,N/A,N/A,9596500,195500,ACCUMULATION CONFIRMED,RECORDED,0,1/1,868,2026-09-28,-354.20,-28.9805,FALLEN,CORPORATE ACTION STATUS UNKNOWN (no heuristic flag)
2025-12-31,ICICIPRULI,ICICI Prudential Life Insurance Company Limited,668.25,N/A,52.35,N/A,N/A,16543625,158175,ACCUMULATION CONFIRMED,RECORDED,3,1/1,458.7,2026-09-28,-209.55,-31.3580,FALLEN,CORPORATE ACTION STATUS UNKNOWN (no heuristic flag)
2025-12-31,IOC,Indian Oil Corporation Limited,166.46,N/A,59.3,N/A,N/A,100074000,7507500,ACCUMULATION CONFIRMED,RECORDED,6,1/1,133.32,2026-09-28,-33.14,-19.9087,FALLEN,CORPORATE ACTION STATUS UNKNOWN (no heuristic flag)
2025-12-31,KEI,KEI Industries Limited,4460.2,N/A,53.27,N/A,N/A,927675,32025,ACCUMULATION CONFIRMED,RECORDED,0,1/1,4516,2026-09-28,55.80,1.2511,RISEN,CORPORATE ACTION STATUS UNKNOWN (no heuristic flag)
2025-12-31,SAMMAANCAP,Sammaan Capital Limited,145.64,N/A,49.9,N/A,N/A,94845100,18283600,ACCUMULATION CONFIRMED,RECORDED,0,1/1,138.82,2026-09-28,-6.82,-4.6828,FALLEN,CORPORATE ACTION STATUS UNKNOWN (no heuristic flag)
2026-01-01,APLAPOLLO,APL Apollo Tubes Limited,1970,N/A,50.81,N/A,N/A,9918650,963200,ACCUMULATION CONFIRMED,RECORDED,2,1/1,2197,2026-09-28,227.00,11.5228,RISEN,CORPORATE ACTION STATUS UNKNOWN (no heuristic flag)
2026-01-01,INDUSINDBK,IndusInd Bank Limited,890.2,N/A,45.61,N/A,N/A,44338700,245000,ACCUMULATION CONFIRMED,RECORDED,0,1/1,909.7,2026-09-28,19.50,2.1905,RISEN,CORPORATE ACTION STATUS UNKNOWN (no heuristic flag)
2026-01-02,BANKBARODA,Bank of Baroda,305.05,N/A,53.03,N/A,N/A,85076550,3299400,ACCUMULATION CONFIRMED,RECORDED,0,1/1,227.5,2026-09-28,-77.55,-25.4221,FALLEN,CORPORATE ACTION STATUS UNKNOWN (no heuristic flag)
2026-01-02,BLUESTARCO,Blue Star Limited,1816.1,N/A,58.72,N/A,N/A,2475200,69550,ACCUMULATION CONFIRMED,RECORDED,0,1/1,1575.4,2026-09-28,-240.70,-13.2537,FALLEN,CORPORATE ACTION STATUS UNKNOWN (no heuristic flag)
2026-01-02,CANBK,Canara Bank,154.87,N/A,53.9,N/A,N/A,148041000,8100000,ACCUMULATION CONFIRMED,RECORDED,0,1/1,120.65,2026-09-28,-34.22,-22.0960,FALLEN,CORPORATE ACTION STATUS UNKNOWN (no heuristic flag)
2026-01-02,CROMPTON,Crompton Greaves Consumer Electricals Limited,252.1,N/A,68.77,N/A,N/A,52615800,642600,ACCUMULATION CONFIRMED,RECORDED,0,1/2,218.8,2026-09-28,-33.30,-13.2090,FALLEN,CORPORATE ACTION STATUS UNKNOWN (no heuristic flag)
2026-01-02,JIOFIN,Jio Financial Services Limited,301.7,N/A,54.2,N/A,N/A,152381050,493500,ACCUMULATION CONFIRMED,RECORDED,0,1/1,220.5,2026-09-28,-81.20,-26.9142,FALLEN,CORPORATE ACTION STATUS UNKNOWN (no heuristic flag)
2026-01-02,LODHA,Lodha Developers Limited,1085.7,N/A,65.18,N/A,N/A,12893400,373050,ACCUMULATION CONFIRMED,RECORDED,2,1/1,1117.1,2026-09-28,31.40,2.8921,RISEN,CORPORATE ACTION STATUS UNKNOWN (no heuristic flag)
2026-01-02,POWERGRID,Power Grid Corporation of India Limited,270.95,N/A,66.06,N/A,N/A,85144700,1485800,ACCUMULATION CONFIRMED,RECORDED,0,1/2,261.85,2026-09-28,-9.10,-3.3586,FALLEN,CORPORATE ACTION STATUS UNKNOWN (no heuristic flag)
2026-01-02,UNOMINDA,UNO Minda Limited,1321.2,N/A,71.93,N/A,N/A,4688750,517550,ACCUMULATION CONFIRMED,RECORDED,2,1/1,1173,2026-09-28,-148.20,-11.2171,FALLEN,CORPORATE ACTION STATUS UNKNOWN (no heuristic flag)
2026-01-05,BRITANNIA,Britannia Industries Limited,6026.5,N/A,69.46,N/A,N/A,2988000,91875,ACCUMULATION CONFIRMED,RECORDED,1,1/2,4915,2026-09-28,-1111.50,-18.4435,FALLEN,CORPORATE ACTION STATUS UNKNOWN (no heuristic flag)
2026-01-05,CROMPTON,Crompton Greaves Consumer Electricals Limited,259.75,N/A,46.16,N/A,N/A,54025200,1409400,ACCUMULATION CONFIRMED,RECORDED,0,2/2,218.8,2026-09-28,-40.95,-15.7652,FALLEN,CORPORATE ACTION STATUS UNKNOWN (no heuristic flag)
2026-01-05,DELHIVERY,Delhivery Limited,411.95,N/A,52.15,N/A,N/A,18498625,1684900,ACCUMULATION CONFIRMED,RECORDED,3,1/3,407.5,2026-09-28,-4.45,-1.0802,FALLEN,CORPORATE ACTION STATUS UNKNOWN (no heuristic flag)
2026-01-05,DLF,DLF Limited,711.35,N/A,46.59,N/A,N/A,49107300,919050,ACCUMULATION CONFIRMED,RECORDED,1,1/1,663.55,2026-09-28,-47.80,-6.7196,FALLEN,CORPORATE ACTION STATUS UNKNOWN (no heuristic flag)
2026-01-05,KALYANKJIL,Kalyan Jewellers India Limited,504.2,N/A,48.16,N/A,N/A,35487350,324300,ACCUMULATION CONFIRMED,RECORDED,0,1/1,564,2026-09-28,59.80,11.8604,RISEN,CORPORATE ACTION STATUS UNKNOWN (no heuristic flag)
2026-01-05,MUTHOOTFIN,Muthoot Finance Limited,3921,N/A,51.62,N/A,N/A,3597550,167200,ACCUMULATION CONFIRMED,RECORDED,0,1/2,2760,2026-09-28,-1161.00,-29.6098,FALLEN,CORPORATE ACTION STATUS UNKNOWN (no heuristic flag)
2026-01-05,NESTLEIND,Nestle India Limited,1314.6,N/A,59.46,N/A,N/A,17110500,978500,ACCUMULATION CONFIRMED,RECORDED,0,1/1,1346,2026-09-28,31.40,2.3886,RISEN,CORPORATE ACTION STATUS UNKNOWN (no heuristic flag)
2026-01-05,PHOENIXLTD,The Phoenix Mills Limited,1924.5,N/A,65.24,N/A,N/A,3121300,115150,ACCUMULATION CONFIRMED,RECORDED,2,1/2,1952.2,2026-09-28,27.70,1.4393,RISEN,CORPORATE ACTION STATUS UNKNOWN (no heuristic flag)
2026-01-05,PIDILITIND,Pidilite Industries Limited,1505,N/A,52.84,N/A,N/A,7687500,80000,ACCUMULATION CONFIRMED,RECORDED,2,1/1,1503,2026-09-28,-2.00,-0.1329,FALLEN,CORPORATE ACTION STATUS UNKNOWN (no heuristic flag)
2026-01-05,POWERGRID,Power Grid Corporation of India Limited,271.65,N/A,72.61,N/A,N/A,87244200,2099500,ACCUMULATION CONFIRMED,RECORDED,0,2/2,261.85,2026-09-28,-9.80,-3.6076,FALLEN,CORPORATE ACTION STATUS UNKNOWN (no heuristic flag)
2026-01-05,PRESTIGE,Prestige Estates Projects Limited,1667.1,N/A,68.55,N/A,N/A,3950550,103500,ACCUMULATION CONFIRMED,RECORDED,0,1/1,1470.8,2026-09-28,-196.30,-11.7749,FALLEN,CORPORATE ACTION STATUS UNKNOWN (no heuristic flag)
2026-01-05,SAMMAANCAP,Sammaan Capital Limited,151.49,N/A,47.31,N/A,N/A,118723000,11885200,ACCUMULATION CONFIRMED,RECORDED,1,1/1,138.82,2026-09-28,-12.67,-8.3636,FALLEN,CORPORATE ACTION STATUS UNKNOWN (no heuristic flag)
2026-01-05,TORNTPOWER,Torrent Power Limited,1403.8,N/A,50.31,N/A,N/A,2822000,1275,ACCUMULATION CONFIRMED,RECORDED,0,1/1,1237.2,2026-09-28,-166.60,-11.8678,FALLEN,CORPORATE ACTION STATUS UNKNOWN (no heuristic flag)
2026-01-06,AUROPHARMA,Aurobindo Pharma Limited,1231.3,N/A,59.43,N/A,N/A,21931250,488400,ACCUMULATION CONFIRMED,RECORDED,1,1/1,1697.5,2026-09-28,466.20,37.8624,RISEN,CORPORATE ACTION STATUS UNKNOWN (no heuristic flag)
2026-01-06,BRITANNIA,Britannia Industries Limited,6129.5,N/A,51.9,N/A,N/A,3021125,33125,ACCUMULATION CONFIRMED,RECORDED,1,2/2,4915,2026-09-28,-1214.50,-19.8140,FALLEN,CORPORATE ACTION STATUS UNKNOWN (no heuristic flag)
2026-01-06,CIPLA,Cipla Limited,1530.8,N/A,69.3,N/A,N/A,11902125,64875,ACCUMULATION CONFIRMED,RECORDED,2,1/1,1383.7,2026-09-28,-147.10,-9.6094,FALLEN,CORPORATE ACTION STATUS UNKNOWN (no heuristic flag)
2026-01-06,DELHIVERY,Delhivery Limited,414.25,N/A,56.43,N/A,N/A,19729100,1230475,ACCUMULATION CONFIRMED,DERIVED ,3,2/3,407.5,2026-09-28,-6.75,-1.6295,FALLEN,CORPORATE ACTION STATUS UNKNOWN (no heuristic flag)
2026-01-06,GRASIM,Grasim Industries Limited,2865.3,N/A,67.58,N/A,N/A,16094250,200000,ACCUMULATION CONFIRMED,RECORDED,0,1/1,3150,2026-09-28,284.70,9.9361,RISEN,CORPORATE ACTION STATUS UNKNOWN (no heuristic flag)
2026-01-06,HAVELLS,Havells India Limited,1501.7,N/A,59.16,N/A,N/A,8278500,743000,ACCUMULATION CONFIRMED,RECORDED,0,1/1,1085,2026-09-28,-416.70,-27.7486,FALLEN,CORPORATE ACTION STATUS UNKNOWN (no heuristic flag)
2026-01-06,HDFCLIFE,HDFC Life Insurance Company Limited,777.85,N/A,48.74,N/A,N/A,35880900,693000,ACCUMULATION CONFIRMED,RECORDED,1,1/1,531.6,2026-09-28,-246.25,-31.6578,FALLEN,CORPORATE ACTION STATUS UNKNOWN (no heuristic flag)
2026-01-06,HINDUNILVR,Hindustan Unilever Limited,2424.7,N/A,53.69,N/A,N/A,13144500,661800,ACCUMULATION CONFIRMED,RECORDED,1,1/1,1896,2026-09-28,-528.70,-21.8048,FALLEN,CORPORATE ACTION STATUS UNKNOWN (no heuristic flag)
2026-01-06,LUPIN,Lupin Limited,2149.7,N/A,69.96,N/A,N/A,7101750,161075,ACCUMULATION CONFIRMED,RECORDED,1,1/1,2062,2026-09-28,-87.70,-4.0796,FALLEN,CORPORATE ACTION STATUS UNKNOWN (no heuristic flag)
2026-01-06,MFSL,Max Financial Services Limited,1731.3,N/A,58.28,N/A,N/A,8769600,248000,ACCUMULATION CONFIRMED,RECORDED,2,1/1,1444,2026-09-28,-287.30,-16.5945,FALLEN,CORPORATE ACTION STATUS UNKNOWN (no heuristic flag)
2026-01-06,MUTHOOTFIN,Muthoot Finance Limited,3940.7,N/A,46.66,N/A,N/A,3629175,31625,ACCUMULATION CONFIRMED,RECORDED,0,2/2,2760,2026-09-28,-1180.70,-29.9617,FALLEN,CORPORATE ACTION STATUS UNKNOWN (no heuristic flag)
2026-01-06,PHOENIXLTD,The Phoenix Mills Limited,1950.8,N/A,49.31,N/A,N/A,3373650,252350,ACCUMULATION CONFIRMED,RECORDED,2,2/2,1952.2,2026-09-28,1.40,0.0718,RISEN,CORPORATE ACTION STATUS UNKNOWN (no heuristic flag)
2026-01-06,RECLTD,REC Limited,382.85,N/A,46.73,N/A,N/A,77518000,453600,ACCUMULATION CONFIRMED,RECORDED,0,1/1,303.25,2026-09-28,-79.60,-20.7914,FALLEN,CORPORATE ACTION STATUS UNKNOWN (no heuristic flag)
2026-01-06,SBIN,State Bank of India,1018.9,N/A,59.11,N/A,N/A,75516750,663750,ACCUMULATION CONFIRMED,RECORDED,1,1/1,962,2026-09-28,-56.90,-5.5845,FALLEN,CORPORATE ACTION STATUS UNKNOWN (no heuristic flag)
2026-01-06,TATACONSUM,TATA CONSUMER PRODUCTS LIMITED,1210.4,N/A,52.78,N/A,N/A,11570350,53350,ACCUMULATION CONFIRMED,RECORDED,2,1/1,960,2026-09-28,-250.40,-20.6874,FALLEN,CORPORATE ACTION STATUS UNKNOWN (no heuristic flag)
2026-01-06,VBL,Varun Beverages Limited,498.85,N/A,53.55,N/A,N/A,49946625,519750,ACCUMULATION CONFIRMED,RECORDED,0,1/2,430,2026-09-28,-68.85,-13.8017,FALLEN,CORPORATE ACTION STATUS UNKNOWN (no heuristic flag)
2026-01-06,VOLTAS,Voltas Limited,1486.2,N/A,47.62,N/A,N/A,10131375,84750,ACCUMULATION CONFIRMED,RECORDED,1,1/1,1135.5,2026-09-28,-350.70,-23.5971,FALLEN,CORPORATE ACTION STATUS UNKNOWN (no heuristic flag)
2026-01-07,ALKEM,Alkem Laboratories Limited,5806.5,N/A,51.07,N/A,N/A,1492000,4750,ACCUMULATION CONFIRMED,RECORDED,1,1/1,5175,2026-09-28,-631.50,-10.8757,FALLEN,CORPORATE ACTION STATUS UNKNOWN (no heuristic flag)
2026-01-07,APOLLOHOSP,Apollo Hospitals Enterprise Limited,7447.5,N/A,49.24,N/A,N/A,2986000,65000,ACCUMULATION CONFIRMED,RECORDED,0,1/1,8860,2026-09-28,1412.50,18.9661,RISEN,CORPORATE ACTION STATUS UNKNOWN (no heuristic flag)
2026-01-07,BIOCON,Biocon Limited,387.05,N/A,51.52,N/A,N/A,45630000,1602500,ACCUMULATION CONFIRMED,RECORDED,4,1/1,374.9,2026-09-28,-12.15,-3.1391,FALLEN,CORPORATE ACTION STATUS UNKNOWN (no heuristic flag)
2026-01-07,DELHIVERY,Delhivery Limited,422.25,N/A,54.17,N/A,N/A,21111050,1381950,ACCUMULATION CONFIRMED,RECORDED,3,3/3,407.5,2026-09-28,-14.75,-3.4932,FALLEN,CORPORATE ACTION STATUS UNKNOWN (no heuristic flag)
2026-01-07,ETERNAL,ETERNAL LIMITED,280.95,N/A,62.92,N/A,N/A,282750150,7619350,ACCUMULATION CONFIRMED,RECORDED,1,1/1,330.95,2026-09-28,50.00,17.7968,RISEN,CORPORATE ACTION STATUS UNKNOWN (no heuristic flag)
2026-01-07,HCLTECH,HCL Technologies Limited,1647.7,N/A,64.3,N/A,N/A,17290700,1119650,ACCUMULATION CONFIRMED,RECORDED,0,1/1,1252.6,2026-09-28,-395.10,-23.9789,FALLEN,CORPORATE ACTION STATUS UNKNOWN (no heuristic flag)
2026-01-07,JIOFIN,Jio Financial Services Limited,303.5,N/A,57.98,N/A,N/A,152129600,2930450,ACCUMULATION CONFIRMED,RECORDED,1,1/1,220.5,2026-09-28,-83.00,-27.3476,FALLEN,CORPORATE ACTION STATUS UNKNOWN (no heuristic flag)
2026-01-07,NAUKRI,Info Edge (India) Limited,1359.4,N/A,54.26,N/A,N/A,7963500,68250,ACCUMULATION CONFIRMED,RECORDED,0,1/1,1253.9,2026-09-28,-105.50,-7.7608,FALLEN,CORPORATE ACTION STATUS UNKNOWN (no heuristic flag)
2026-01-07,TECHM,Tech Mahindra Limited,1625.2,N/A,54.03,N/A,N/A,19499400,147000,ACCUMULATION CONFIRMED,RECORDED,3,1/1,1542.2,2026-09-28,-83.00,-5.1071,FALLEN,CORPORATE ACTION STATUS UNKNOWN (no heuristic flag)
2026-01-07,TORNTPHARM,Torrent Pharmaceuticals Limited,4092.2,N/A,48.99,N/A,N/A,2248250,123500,ACCUMULATION CONFIRMED,RECORDED,1,1/1,4869,2026-09-28,776.80,18.9825,RISEN,CORPORATE ACTION STATUS UNKNOWN (no heuristic flag)
2026-01-07,VBL,Varun Beverages Limited,509.7,N/A,47.71,N/A,N/A,50779125,832500,ACCUMULATION CONFIRMED,RECORDED,0,2/2,430,2026-09-28,-79.70,-15.6366,FALLEN,CORPORATE ACTION STATUS UNKNOWN (no heuristic flag)
2026-01-08,ICICIBANK,ICICI Bank Limited,1435,N/A,71.19,N/A,N/A,110668600,255500,ACCUMULATION CONFIRMED,RECORDED,0,1/1,1302,2026-09-28,-133.00,-9.2683,FALLEN,CORPORATE ACTION STATUS UNKNOWN (no heuristic flag)
2026-01-08,INDUSTOWER,Indus Towers Limited,430.85,N/A,51.16,N/A,N/A,94276900,2524500,ACCUMULATION CONFIRMED,RECORDED,0,1/1,360,2026-09-28,-70.85,-16.4442,FALLEN,CORPORATE ACTION STATUS UNKNOWN (no heuristic flag)
2026-01-08,SBILIFE,SBI Life Insurance Company Limited,2082.9,N/A,54.79,N/A,N/A,9129000,194625,ACCUMULATION CONFIRMED,RECORDED,0,1/1,1728.1,2026-09-28,-354.80,-17.0339,FALLEN,CORPORATE ACTION STATUS UNKNOWN (no heuristic flag)
2026-01-09,DMART,Avenue Supermarts Limited,3801.3,N/A,50.38,N/A,N/A,5507700,131400,ACCUMULATION CONFIRMED,RECORDED,0,1/1,3803.5,2026-09-28,2.20,0.0579,RISEN,CORPORATE ACTION STATUS UNKNOWN (no heuristic flag)
2026-01-09,ETERNAL,ETERNAL LIMITED,284.35,N/A,51,N/A,N/A,282231200,3283450,ACCUMULATION CONFIRMED,RECORDED,2,1/1,330.95,2026-09-28,46.60,16.3883,RISEN,CORPORATE ACTION STATUS UNKNOWN (no heuristic flag)
2026-01-12,ALKEM,Alkem Laboratories Limited,5867,N/A,59.2,N/A,N/A,1477500,19250,ACCUMULATION CONFIRMED,RECORDED,2,1/1,5175,2026-09-28,-692.00,-11.7948,FALLEN,CORPORATE ACTION STATUS UNKNOWN (no heuristic flag)
2026-01-12,HCLTECH,HCL Technologies Limited,1667.6,N/A,59.67,N/A,N/A,18767000,334250,ACCUMULATION CONFIRMED,RECORDED,1,1/1,1252.6,2026-09-28,-415.00,-24.8861,FALLEN,CORPORATE ACTION STATUS UNKNOWN (no heuristic flag)
2026-01-12,ONGC,Oil & Natural Gas Corporation Limited,235.71,N/A,55.51,N/A,N/A,107133750,631125,ACCUMULATION CONFIRMED,RECORDED,0,1/2,230,2026-09-28,-5.71,-2.4225,FALLEN,CORPORATE ACTION STATUS UNKNOWN (no heuristic flag)
2026-01-12,SBILIFE,SBI Life Insurance Company Limited,2098,N/A,54.53,N/A,N/A,9375000,269062,ACCUMULATION CONFIRMED,RECORDED,1,1/1,1728.1,2026-09-28,-369.90,-17.6311,FALLEN,CORPORATE ACTION STATUS UNKNOWN (no heuristic flag)
2026-01-12,SUNPHARMA,Sun Pharmaceutical Industries Limited,1736,N/A,67.54,N/A,N/A,17051300,44625,ACCUMULATION CONFIRMED,RECORDED,0,1/1,1838,2026-09-28,102.00,5.8756,RISEN,CORPORATE ACTION STATUS UNKNOWN (no heuristic flag)
2026-01-13,DALBHARAT,Dalmia Bharat Limited,2105.5,N/A,54.66,N/A,N/A,2904850,160875,ACCUMULATION CONFIRMED,RECORDED,1,1/2,1651.6,2026-09-28,-453.90,-21.5578,FALLEN,CORPORATE ACTION STATUS UNKNOWN (no heuristic flag)
2026-01-13,ICICIBANK,ICICI Bank Limited,1437,N/A,53.59,N/A,N/A,115773000,1012900,ACCUMULATION CONFIRMED,RECORDED,1,1/1,1302,2026-09-28,-135.00,-9.3946,FALLEN,CORPORATE ACTION STATUS UNKNOWN (no heuristic flag)
2026-01-13,OIL,Oil India Limited,447.9,N/A,47.93,N/A,N/A,13055000,996800,ACCUMULATION CONFIRMED,RECORDED,0,1/1,468,2026-09-28,20.10,4.4876,RISEN,CORPORATE ACTION STATUS UNKNOWN (no heuristic flag)
2026-01-13,ONGC,Oil & Natural Gas Corporation Limited,243.78,N/A,51.58,N/A,N/A,109518750,2385000,ACCUMULATION CONFIRMED,RECORDED,0,2/2,230,2026-09-28,-13.78,-5.6526,FALLEN,CORPORATE ACTION STATUS UNKNOWN (no heuristic flag)
2026-01-13,PAGEIND,Page Industries Limited,34645,N/A,65.39,N/A,N/A,252090,6045,ACCUMULATION CONFIRMED,RECORDED,0,1/1,37500,2026-09-28,2855.00,8.2407,RISEN,CORPORATE ACTION STATUS UNKNOWN (no heuristic flag)
2026-01-14,APLAPOLLO,APL Apollo Tubes Limited,1934.7,N/A,52.88,N/A,N/A,10198650,106050,ACCUMULATION CONFIRMED,RECORDED,3,1/1,2197,2026-09-28,262.30,13.5577,RISEN,CORPORATE ACTION STATUS UNKNOWN (no heuristic flag)
2026-01-14,BANKBARODA,Bank of Baroda,307.7,N/A,50.19,N/A,N/A,73113300,152100,ACCUMULATION CONFIRMED,RECORDED,1,1/1,227.5,2026-09-28,-80.20,-26.0643,FALLEN,CORPORATE ACTION STATUS UNKNOWN (no heuristic flag)
2026-01-14,BANKINDIA,Bank of India,152.87,N/A,45.02,N/A,N/A,53950000,4908800,ACCUMULATION CONFIRMED,RECORDED,0,1/1,129.99,2026-09-28,-22.88,-14.9670,FALLEN,CORPORATE ACTION STATUS UNKNOWN (no heuristic flag)
2026-01-14,BEL,Bharat Electronics Limited,417.6,N/A,61.45,N/A,N/A,118263600,1573200,ACCUMULATION CONFIRMED,RECORDED,0,1/1,385.5,2026-09-28,-32.10,-7.6868,FALLEN,CORPORATE ACTION STATUS UNKNOWN (no heuristic flag)
2026-01-14,DALBHARAT,Dalmia Bharat Limited,2177.3,N/A,52.05,N/A,N/A,3018600,113750,ACCUMULATION CONFIRMED,RECORDED,1,2/2,1651.6,2026-09-28,-525.70,-24.1446,FALLEN,CORPORATE ACTION STATUS UNKNOWN (no heuristic flag)
2026-01-14,INDIANB,Indian Bank,846.4,N/A,45.63,N/A,N/A,9693000,696000,ACCUMULATION CONFIRMED,RECORDED,1,1/1,802.45,2026-09-28,-43.95,-5.1926,FALLEN,CORPORATE ACTION STATUS UNKNOWN (no heuristic flag)
2026-01-14,JSWSTEEL,JSW Steel Limited,1181.8,N/A,52.69,N/A,N/A,49260825,249750,ACCUMULATION CONFIRMED,RECORDED,3,1/1,1264.1,2026-09-28,82.30,6.9640,RISEN,CORPORATE ACTION STATUS UNKNOWN (no heuristic flag)
2026-01-16,AUBANK,AU Small Finance Bank Limited,1025.4,N/A,55.71,N/A,N/A,23324000,3068000,ACCUMULATION CONFIRMED,RECORDED,3,1/1,995.3,2026-09-28,-30.10,-2.9354,FALLEN,CORPORATE ACTION STATUS UNKNOWN (no heuristic flag)
2026-01-16,GRASIM,Grasim Industries Limited,2809.6,N/A,60.21,N/A,N/A,16306500,35500,ACCUMULATION CONFIRMED,RECORDED,1,1/1,3150,2026-09-28,340.40,12.1156,RISEN,CORPORATE ACTION STATUS UNKNOWN (no heuristic flag)
2026-01-16,ICICIPRULI,ICICI Prudential Life Insurance Company Limited,678,N/A,66.89,N/A,N/A,16992250,2258850,ACCUMULATION CONFIRMED,RECORDED,4,1/1,458.7,2026-09-28,-219.30,-32.3451,FALLEN,CORPORATE ACTION STATUS UNKNOWN (no heuristic flag)
2026-01-16,LTIM,N/A,6308,N/A,45.82,N/A,N/A,2368050,78150,ACCUMULATION CONFIRMED,RECORDED,3,1/1,N/A,N/A,N/A,N/A,NO CURRENT DATA,NO PRICE AT LATEST SESSION (symbol absent) — CORPORATE ACTION STATUS UNKNOWN
2026-01-16,SHRIRAMFIN,Shriram Finance Limited,995.45,N/A,61.56,N/A,N/A,43277025,1725075,ACCUMULATION CONFIRMED,RECORDED,3,1/1,976.3,2026-09-28,-19.15,-1.9238,FALLEN,CORPORATE ACTION STATUS UNKNOWN (no heuristic flag)
2026-01-16,TECHM,Tech Mahindra Limited,1670.5,N/A,45.8,N/A,N/A,18867000,772200,ACCUMULATION CONFIRMED,RECORDED,4,1/1,1542.2,2026-09-28,-128.30,-7.6803,FALLEN,CORPORATE ACTION STATUS UNKNOWN (no heuristic flag)
2026-01-16,ULTRACEMCO,UltraTech Cement Limited,12378,N/A,70.54,N/A,N/A,2755850,4650,ACCUMULATION CONFIRMED,RECORDED,0,1/1,11025,2026-09-28,-1353.00,-10.9307,FALLEN,CORPORATE ACTION STATUS UNKNOWN (no heuristic flag)
2026-01-19,TORNTPHARM,Torrent Pharmaceuticals Limited,4086.6,N/A,60.79,N/A,N/A,2320500,16250,ACCUMULATION CONFIRMED,RECORDED,2,1/1,4869,2026-09-28,782.40,19.1455,RISEN,CORPORATE ACTION STATUS UNKNOWN (no heuristic flag)
2026-01-19,UNIONBANK,Union Bank of India,177.43,N/A,48.92,N/A,N/A,71654025,615075,ACCUMULATION CONFIRMED,RECORDED,0,1/1,171.75,2026-09-28,-5.68,-3.2013,FALLEN,CORPORATE ACTION STATUS UNKNOWN (no heuristic flag)
2026-01-28,BHARATFORG,Bharat Forge Limited,1459.1,N/A,57.14,N/A,N/A,6688500,31000,ACCUMULATION CONFIRMED,RECORDED,0,1/1,1957,2026-09-28,497.90,34.1238,RISEN,CORPORATE ACTION STATUS UNKNOWN (no heuristic flag)
2026-01-28,BPCL,Bharat Petroleum Corporation Limited,362.35,N/A,57.83,N/A,N/A,33563150,2583300,ACCUMULATION CONFIRMED,RECORDED,1,1/2,302.25,2026-09-28,-60.10,-16.5862,FALLEN,CORPORATE ACTION STATUS UNKNOWN (no heuristic flag)
2026-01-28,DABUR,Dabur India Limited,515.75,N/A,45,N/A,N/A,23337500,958750,ACCUMULATION CONFIRMED,RECORDED,1,1/1,385.75,2026-09-28,-130.00,-25.2060,FALLEN,CORPORATE ACTION STATUS UNKNOWN (no heuristic flag)
2026-01-28,DELHIVERY,Delhivery Limited,407.75,N/A,51.29,N/A,N/A,25014125,1446275,ACCUMULATION CONFIRMED,RECORDED,4,1/2,407.5,2026-09-28,-0.25,-0.0613,FALLEN,CORPORATE ACTION STATUS UNKNOWN (no heuristic flag)
2026-01-28,GMRAIRPORT,GMR AIRPORTS LIMITED,93.91,N/A,69.11,N/A,N/A,160571475,767250,ACCUMULATION CONFIRMED,RECORDED,2,1/1,94.75,2026-09-28,0.84,0.8945,RISEN,CORPORATE ACTION STATUS UNKNOWN (no heuristic flag)
2026-01-28,HAL,Hindustan Aeronautics Limited,4624,N/A,46.34,N/A,N/A,8270850,36900,ACCUMULATION CONFIRMED,RECORDED,0,1/1,4738,2026-09-28,114.00,2.4654,RISEN,CORPORATE ACTION STATUS UNKNOWN (no heuristic flag)
2026-01-28,HDFCAMC,HDFC Asset Management Company Limited,2477.6,N/A,69.02,N/A,N/A,7204500,172200,ACCUMULATION CONFIRMED,RECORDED,2,1/1,2302.3,2026-09-28,-175.30,-7.0754,FALLEN,CORPORATE ACTION STATUS UNKNOWN (no heuristic flag)
2026-01-28,IOC,Indian Oil Corporation Limited,162.85,N/A,45.36,N/A,N/A,84786000,1837875,ACCUMULATION CONFIRMED,RECORDED,7,1/1,133.32,2026-09-28,-29.53,-18.1333,FALLEN,CORPORATE ACTION STATUS UNKNOWN (no heuristic flag)
2026-01-28,NTPC,NTPC Limited,348.05,N/A,65.22,N/A,N/A,83296500,481500,ACCUMULATION CONFIRMED,RECORDED,1,1/2,321.1,2026-09-28,-26.95,-7.7431,FALLEN,CORPORATE ACTION STATUS UNKNOWN (no heuristic flag)
2026-01-28,POWERGRID,Power Grid Corporation of India Limited,259.8,N/A,69.42,N/A,N/A,96972200,2388300,ACCUMULATION CONFIRMED,RECORDED,1,1/2,261.85,2026-09-28,2.05,0.7891,RISEN,CORPORATE ACTION STATUS UNKNOWN (no heuristic flag)
2026-01-28,SAMMAANCAP,Sammaan Capital Limited,141.83,N/A,50.91,N/A,N/A,92458600,12474300,ACCUMULATION CONFIRMED,RECORDED,2,1/2,138.82,2026-09-28,-3.01,-2.1223,FALLEN,CORPORATE ACTION STATUS UNKNOWN (no heuristic flag)
2026-01-28,SBILIFE,SBI Life Insurance Company Limited,2053.2,N/A,47.18,N/A,N/A,9744750,125250,ACCUMULATION CONFIRMED,RECORDED,2,1/1,1728.1,2026-09-28,-325.10,-15.8338,FALLEN,CORPORATE ACTION STATUS UNKNOWN (no heuristic flag)
2026-01-28,TIINDIA,Tube Investments of India Limited,2280.7,N/A,70.91,N/A,N/A,3759200,318200,ACCUMULATION CONFIRMED,RECORDED,0,1/1,2459,2026-09-28,178.30,7.8178,RISEN,CORPORATE ACTION STATUS UNKNOWN (no heuristic flag)
2026-01-29,AMBUJACEM,Ambuja Cements Limited,536.05,N/A,63.27,N/A,N/A,46229400,268800,ACCUMULATION CONFIRMED,RECORDED,1,1/1,374.35,2026-09-28,-161.70,-30.1651,FALLEN,CORPORATE ACTION STATUS UNKNOWN (no heuristic flag)
2026-01-29,BPCL,Bharat Petroleum Corporation Limited,366.95,N/A,55.18,N/A,N/A,35933150,2370000,ACCUMULATION CONFIRMED,RECORDED,1,2/2,302.25,2026-09-28,-64.70,-17.6318,FALLEN,CORPORATE ACTION STATUS UNKNOWN (no heuristic flag)
2026-01-29,COALINDIA,Coal India Limited,455.75,N/A,49.3,N/A,N/A,38649150,893700,ACCUMULATION CONFIRMED,RECORDED,0,1/1,422.5,2026-09-28,-33.25,-7.2957,FALLEN,CORPORATE ACTION STATUS UNKNOWN (no heuristic flag)
2026-01-29,DELHIVERY,Delhivery Limited,411.8,N/A,50.65,N/A,N/A,26292325,1278200,ACCUMULATION CONFIRMED,RECORDED,4,2/2,407.5,2026-09-28,-4.30,-1.0442,FALLEN,CORPORATE ACTION STATUS UNKNOWN (no heuristic flag)
2026-01-29,NMDC,NMDC Limited,84.6,N/A,49.11,N/A,N/A,332835750,384750,ACCUMULATION CONFIRMED,RECORDED,4,1/1,77.43,2026-09-28,-7.17,-8.4752,FALLEN,CORPORATE ACTION STATUS UNKNOWN (no heuristic flag)
2026-01-29,NTPC,NTPC Limited,358.15,N/A,51.32,N/A,N/A,85288500,1992000,ACCUMULATION CONFIRMED,RECORDED,1,2/2,321.1,2026-09-28,-37.05,-10.3448,FALLEN,CORPORATE ACTION STATUS UNKNOWN (no heuristic flag)
2026-01-29,POWERGRID,Power Grid Corporation of India Limited,260.5,N/A,74.61,N/A,N/A,101961600,4989400,ACCUMULATION CONFIRMED,RECORDED,1,2/2,261.85,2026-09-28,1.35,0.5182,RISEN,CORPORATE ACTION STATUS UNKNOWN (no heuristic flag)
2026-01-29,SAMMAANCAP,Sammaan Capital Limited,147.57,N/A,48.47,N/A,N/A,107285000,14826400,ACCUMULATION CONFIRMED,RECORDED,2,2/2,138.82,2026-09-28,-8.75,-5.9294,FALLEN,CORPORATE ACTION STATUS UNKNOWN (no heuristic flag)
2026-01-30,BRITANNIA,Britannia Industries Limited,5860.5,N/A,64.49,N/A,N/A,3337250,68250,ACCUMULATION CONFIRMED,RECORDED,2,1/1,4915,2026-09-28,-945.50,-16.1334,FALLEN,CORPORATE ACTION STATUS UNKNOWN (no heuristic flag)
2026-01-30,HAVELLS,Havells India Limited,1285,N/A,70.17,N/A,N/A,9413000,414500,ACCUMULATION CONFIRMED,RECORDED,1,1/1,1085,2026-09-28,-200.00,-15.5642,FALLEN,CORPORATE ACTION STATUS UNKNOWN (no heuristic flag)
2026-01-30,INDUSTOWER,Indus Towers Limited,444.3,N/A,56.98,N/A,N/A,93333400,35700,ACCUMULATION CONFIRMED,RECORDED,1,1/1,360,2026-09-28,-84.30,-18.9737,FALLEN,CORPORATE ACTION STATUS UNKNOWN (no heuristic flag)
2026-01-30,KEI,KEI Industries Limited,4021.1,N/A,62.97,N/A,N/A,1365875,107450,ACCUMULATION CONFIRMED,RECORDED,1,1/1,4516,2026-09-28,494.90,12.3076,RISEN,CORPORATE ACTION STATUS UNKNOWN (no heuristic flag)
2026-01-30,TORNTPOWER,Torrent Power Limited,1387.6,N/A,57.04,N/A,N/A,2994550,112625,ACCUMULATION CONFIRMED,RECORDED,1,1/1,1237.2,2026-09-28,-150.40,-10.8389,FALLEN,CORPORATE ACTION STATUS UNKNOWN (no heuristic flag)
2026-01-30,TVSMOTOR,TVS Motor Company Limited,3677.4,N/A,51.36,N/A,N/A,8336825,57400,ACCUMULATION CONFIRMED,RECORDED,0,1/1,4095,2026-09-28,417.60,11.3558,RISEN,CORPORATE ACTION STATUS UNKNOWN (no heuristic flag)
2026-02-02,IOC,Indian Oil Corporation Limited,164.61,N/A,48.65,N/A,N/A,88778625,2978625,ACCUMULATION CONFIRMED,RECORDED,8,1/3,133.32,2026-09-28,-31.29,-19.0086,FALLEN,CORPORATE ACTION STATUS UNKNOWN (no heuristic flag)
2026-02-02,SBILIFE,SBI Life Insurance Company Limited,2001,N/A,66.82,N/A,N/A,9977250,125625,ACCUMULATION CONFIRMED,RECORDED,3,1/1,1728.1,2026-09-28,-272.90,-13.6382,FALLEN,CORPORATE ACTION STATUS UNKNOWN (no heuristic flag)
2026-02-02,SBIN,State Bank of India,1028.7,N/A,49.15,N/A,N/A,67726500,3046500,ACCUMULATION CONFIRMED,RECORDED,2,1/1,962,2026-09-28,-66.70,-6.4839,FALLEN,CORPORATE ACTION STATUS UNKNOWN (no heuristic flag)
2026-02-03,ABB,ABB India Limited,5668.5,N/A,58.36,N/A,N/A,2198750,39125,ACCUMULATION CONFIRMED,RECORDED,0,1/1,6972.5,2026-09-28,1304.00,23.0043,RISEN,CORPORATE ACTION STATUS UNKNOWN (no heuristic flag)
2026-02-03,BHARATFORG,Bharat Forge Limited,1539,N/A,52.71,N/A,N/A,6845500,551000,ACCUMULATION CONFIRMED,RECORDED,1,1/1,1957,2026-09-28,418.00,27.1605,RISEN,CORPORATE ACTION STATUS UNKNOWN (no heuristic flag)
2026-02-03,BIOCON,Biocon Limited,372.3,N/A,52.22,N/A,N/A,40300000,1140000,ACCUMULATION CONFIRMED,RECORDED,5,1/1,374.9,2026-09-28,2.60,0.6984,RISEN,CORPORATE ACTION STATUS UNKNOWN (no heuristic flag)
2026-02-03,BPCL,Bharat Petroleum Corporation Limited,373.45,N/A,50.63,N/A,N/A,36940400,2695875,ACCUMULATION CONFIRMED,RECORDED,2,1/1,302.25,2026-09-28,-71.20,-19.0655,FALLEN,CORPORATE ACTION STATUS UNKNOWN (no heuristic flag)
2026-02-03,CAMS,Computer Age Management Services Limited,728.45,N/A,49.47,N/A,N/A,6521250,42000,ACCUMULATION CONFIRMED,RECORDED,1,1/1,691.55,2026-09-28,-36.90,-5.0656,FALLEN,CORPORATE ACTION STATUS UNKNOWN (no heuristic flag)
2026-02-03,COALINDIA,Coal India Limited,429.4,N/A,51.99,N/A,N/A,42232050,2520450,ACCUMULATION CONFIRMED,RECORDED,1,1/1,422.5,2026-09-28,-6.90,-1.6069,FALLEN,CORPORATE ACTION STATUS UNKNOWN (no heuristic flag)
2026-02-03,CONCOR,Container Corporation of India Limited,527.9,N/A,52.47,N/A,N/A,31540000,30000,ACCUMULATION CONFIRMED,RECORDED,2,1/1,450,2026-09-28,-77.90,-14.7566,FALLEN,CORPORATE ACTION STATUS UNKNOWN (no heuristic flag)
2026-02-03,HDFCLIFE,HDFC Life Insurance Company Limited,720.15,N/A,58.57,N/A,N/A,32664500,1994300,ACCUMULATION CONFIRMED,RECORDED,2,1/2,531.6,2026-09-28,-188.55,-26.1820,FALLEN,CORPORATE ACTION STATUS UNKNOWN (no heuristic flag)
2026-02-03,ICICIGI,ICICI Lombard General Insurance Company Limited,1861.5,N/A,62.17,N/A,N/A,5425225,120250,ACCUMULATION CONFIRMED,RECORDED,1,1/1,1540,2026-09-28,-321.50,-17.2710,FALLEN,CORPORATE ACTION STATUS UNKNOWN (no heuristic flag)
2026-02-03,IOC,Indian Oil Corporation Limited,167.58,N/A,45.77,N/A,N/A,89680500,901875,ACCUMULATION CONFIRMED,DERIVED ,8,2/3,133.32,2026-09-28,-34.26,-20.4440,FALLEN,CORPORATE ACTION STATUS UNKNOWN (no heuristic flag)
2026-02-03,MANKIND,Mankind Pharma Limited,2162.6,N/A,52.51,N/A,N/A,2247750,181800,ACCUMULATION CONFIRMED,RECORDED,3,1/1,2435.6,2026-09-28,273.00,12.6237,RISEN,CORPORATE ACTION STATUS UNKNOWN (no heuristic flag)
2026-02-03,MUTHOOTFIN,Muthoot Finance Limited,3624.2,N/A,55.55,N/A,N/A,4104925,438350,ACCUMULATION CONFIRMED,RECORDED,1,1/1,2760,2026-09-28,-864.20,-23.8453,FALLEN,CORPORATE ACTION STATUS UNKNOWN (no heuristic flag)
2026-02-03,PAGEIND,Page Industries Limited,33740,N/A,53.41,N/A,N/A,266490,5280,ACCUMULATION CONFIRMED,RECORDED,1,1/1,37500,2026-09-28,3760.00,11.1440,RISEN,CORPORATE ACTION STATUS UNKNOWN (no heuristic flag)
2026-02-03,PFC,Power Finance Corporation Limited,392.6,N/A,54.72,N/A,N/A,55745300,1658800,ACCUMULATION CONFIRMED,RECORDED,2,1/2,330,2026-09-28,-62.60,-15.9450,FALLEN,CORPORATE ACTION STATUS UNKNOWN (no heuristic flag)
2026-02-03,SIEMENS,Siemens Limited,3211.7,N/A,46.4,N/A,N/A,2364250,34475,ACCUMULATION CONFIRMED,RECORDED,1,1/2,3785.5,2026-09-28,573.80,17.8659,RISEN,CORPORATE ACTION STATUS UNKNOWN (no heuristic flag)
2026-02-03,SONACOMS,Sona BLW Precision Forgings Limited,530.2,N/A,56.52,N/A,N/A,12334525,372400,ACCUMULATION CONFIRMED,RECORDED,2,1/1,807.9,2026-09-28,277.70,52.3765,RISEN,CORPORATE ACTION STATUS UNKNOWN (no heuristic flag)
2026-02-03,SRF,SRF Limited,2912.2,N/A,47.69,N/A,N/A,3409600,13400,ACCUMULATION CONFIRMED,RECORDED,3,1/1,2491.5,2026-09-28,-420.70,-14.4461,FALLEN,CORPORATE ACTION STATUS UNKNOWN (no heuristic flag)
2026-02-03,SUNPHARMA,Sun Pharmaceutical Industries Limited,1702.1,N/A,67.85,N/A,N/A,22684550,325850,ACCUMULATION CONFIRMED,RECORDED,1,1/1,1838,2026-09-28,135.90,7.9843,RISEN,CORPORATE ACTION STATUS UNKNOWN (no heuristic flag)
2026-02-04,ASHOKLEY,Ashok Leyland Limited,200.92,N/A,51.64,N/A,N/A,152050000,1575000,ACCUMULATION CONFIRMED,RECORDED,1,1/1,155.22,2026-09-28,-45.70,-22.7454,FALLEN,CORPORATE ACTION STATUS UNKNOWN (no heuristic flag)
2026-02-04,BLUESTARCO,Blue Star Limited,1880.2,N/A,51.83,N/A,N/A,2273700,12025,ACCUMULATION CONFIRMED,RECORDED,1,1/1,1575.4,2026-09-28,-304.80,-16.2110,FALLEN,CORPORATE ACTION STATUS UNKNOWN (no heuristic flag)
2026-02-04,GMRAIRPORT,GMR AIRPORTS LIMITED,98.08,N/A,45.66,N/A,N/A,154663650,1499625,ACCUMULATION CONFIRMED,RECORDED,3,1/1,94.75,2026-09-28,-3.33,-3.3952,FALLEN,CORPORATE ACTION STATUS UNKNOWN (no heuristic flag)
2026-02-04,HDFCAMC,HDFC Asset Management Company Limited,2725,N/A,78.8,N/A,N/A,6871200,534600,ACCUMULATION CONFIRMED,RECORDED,3,1/1,2302.3,2026-09-28,-422.70,-15.5119,FALLEN,CORPORATE ACTION STATUS UNKNOWN (no heuristic flag)
2026-02-04,HDFCLIFE,HDFC Life Insurance Company Limited,722.5,N/A,60.19,N/A,N/A,33808500,1144000,ACCUMULATION CONFIRMED,RECORDED,2,2/2,531.6,2026-09-28,-190.90,-26.4221,FALLEN,CORPORATE ACTION STATUS UNKNOWN (no heuristic flag)
2026-02-04,IOC,Indian Oil Corporation Limited,172.78,N/A,50.14,N/A,N/A,96252000,6571500,ACCUMULATION CONFIRMED,RECORDED,8,3/3,133.32,2026-09-28,-39.46,-22.8383,FALLEN,CORPORATE ACTION STATUS UNKNOWN (no heuristic flag)
2026-02-04,JINDALSTEL,JINDAL STEEL LIMITED,1167.3,N/A,49.86,N/A,N/A,11012500,363125,ACCUMULATION CONFIRMED,RECORDED,1,1/1,1139.6,2026-09-28,-27.70,-2.3730,FALLEN,CORPORATE ACTION STATUS UNKNOWN (no heuristic flag)
2026-02-04,NTPC,NTPC Limited,367.25,N/A,62.55,N/A,N/A,79791000,2856000,ACCUMULATION CONFIRMED,RECORDED,2,1/1,321.1,2026-09-28,-46.15,-12.5664,FALLEN,CORPORATE ACTION STATUS UNKNOWN (no heuristic flag)
2026-02-04,PFC,Power Finance Corporation Limited,414.6,N/A,49.22,N/A,N/A,58446700,2701400,ACCUMULATION CONFIRMED,RECORDED,2,2/2,330,2026-09-28,-84.60,-20.4052,FALLEN,CORPORATE ACTION STATUS UNKNOWN (no heuristic flag)
2026-02-04,PIDILITIND,Pidilite Industries Limited,1460.3,N/A,50.64,N/A,N/A,8460500,271000,ACCUMULATION CONFIRMED,RECORDED,3,1/1,1503,2026-09-28,42.70,2.9241,RISEN,CORPORATE ACTION STATUS UNKNOWN (no heuristic flag)
2026-02-04,SIEMENS,Siemens Limited,3290.5,N/A,46.64,N/A,N/A,2407650,43400,ACCUMULATION CONFIRMED,RECORDED,1,2/2,3785.5,2026-09-28,495.00,15.0433,RISEN,CORPORATE ACTION STATUS UNKNOWN (no heuristic flag)
2026-02-04,SUPREMEIND,Supreme Industries Limited,3741,N/A,53.72,N/A,N/A,1790250,1750,ACCUMULATION CONFIRMED,RECORDED,0,1/1,3499.8,2026-09-28,-241.20,-6.4475,FALLEN,CORPORATE ACTION STATUS UNKNOWN (no heuristic flag)
2026-02-04,TORNTPOWER,Torrent Power Limited,1407.5,N/A,58.39,N/A,N/A,3060000,88825,ACCUMULATION CONFIRMED,RECORDED,2,1/3,1237.2,2026-09-28,-170.30,-12.0995,FALLEN,CORPORATE ACTION STATUS UNKNOWN (no heuristic flag)
2026-02-05,DMART,Avenue Supermarts Limited,3934.9,N/A,47.41,N/A,N/A,5010750,34200,ACCUMULATION CONFIRMED,RECORDED,1,1/1,3803.5,2026-09-28,-131.40,-3.3393,FALLEN,CORPORATE ACTION STATUS UNKNOWN (no heuristic flag)
2026-02-05,TORNTPOWER,Torrent Power Limited,1417.6,N/A,61.33,N/A,N/A,3280150,220150,ACCUMULATION CONFIRMED,DERIVED ,2,2/3,1237.2,2026-09-28,-180.40,-12.7257,FALLEN,CORPORATE ACTION STATUS UNKNOWN (no heuristic flag)
2026-02-06,APOLLOHOSP,Apollo Hospitals Enterprise Limited,7152.5,N/A,67.32,N/A,N/A,3558500,134625,ACCUMULATION CONFIRMED,RECORDED,1,1/1,8860,2026-09-28,1707.50,23.8728,RISEN,CORPORATE ACTION STATUS UNKNOWN (no heuristic flag)
2026-02-06,TORNTPOWER,Torrent Power Limited,1429,N/A,61.06,N/A,N/A,3289075,8925,ACCUMULATION CONFIRMED,RECORDED,2,3/3,1237.2,2026-09-28,-191.80,-13.4220,FALLEN,CORPORATE ACTION STATUS UNKNOWN (no heuristic flag)
2026-02-09,ALKEM,Alkem Laboratories Limited,5750.5,N/A,71.55,N/A,N/A,1267875,23500,ACCUMULATION CONFIRMED,RECORDED,3,1/1,5175,2026-09-28,-575.50,-10.0078,FALLEN,CORPORATE ACTION STATUS UNKNOWN (no heuristic flag)
2026-02-09,BLUESTARCO,Blue Star Limited,1937,N/A,64.19,N/A,N/A,2508025,101400,ACCUMULATION CONFIRMED,RECORDED,2,1/1,1575.4,2026-09-28,-361.60,-18.6680,FALLEN,CORPORATE ACTION STATUS UNKNOWN (no heuristic flag)
2026-02-09,GMRAIRPORT,GMR AIRPORTS LIMITED,97.98,N/A,69.12,N/A,N/A,148637250,1339200,ACCUMULATION CONFIRMED,RECORDED,4,1/1,94.75,2026-09-28,-3.23,-3.2966,FALLEN,CORPORATE ACTION STATUS UNKNOWN (no heuristic flag)
2026-02-09,HDFCLIFE,HDFC Life Insurance Company Limited,707.9,N/A,73.77,N/A,N/A,37218500,1545500,ACCUMULATION CONFIRMED,RECORDED,3,1/1,531.6,2026-09-28,-176.30,-24.9046,FALLEN,CORPORATE ACTION STATUS UNKNOWN (no heuristic flag)
2026-02-09,INDUSINDBK,IndusInd Bank Limited,927.9,N/A,65.72,N/A,N/A,34024200,1317400,ACCUMULATION CONFIRMED,RECORDED,1,1/1,909.7,2026-09-28,-18.20,-1.9614,FALLEN,CORPORATE ACTION STATUS UNKNOWN (no heuristic flag)
2026-02-09,LICHSGFIN,LIC Housing Finance Limited,523.65,N/A,74.3,N/A,N/A,32788000,1568000,ACCUMULATION CONFIRMED,RECORDED,1,1/1,564.15,2026-09-28,40.50,7.7342,RISEN,CORPORATE ACTION STATUS UNKNOWN (no heuristic flag)
2026-02-09,MFSL,Max Financial Services Limited,1753.2,N/A,56.73,N/A,N/A,9030000,174400,ACCUMULATION CONFIRMED,RECORDED,3,1/1,1444,2026-09-28,-309.20,-17.6363,FALLEN,CORPORATE ACTION STATUS UNKNOWN (no heuristic flag)
2026-02-09,TORNTPHARM,Torrent Pharmaceuticals Limited,3997.2,N/A,72.29,N/A,N/A,2731750,110500,ACCUMULATION CONFIRMED,RECORDED,3,1/1,4869,2026-09-28,871.80,21.8103,RISEN,CORPORATE ACTION STATUS UNKNOWN (no heuristic flag)
2026-02-09,UNOMINDA,UNO Minda Limited,1204,N/A,55.89,N/A,N/A,6222700,322300,ACCUMULATION CONFIRMED,RECORDED,3,1/1,1173,2026-09-28,-31.00,-2.5748,FALLEN,CORPORATE ACTION STATUS UNKNOWN (no heuristic flag)
2026-02-10,DELHIVERY,Delhivery Limited,435.95,N/A,51.52,N/A,N/A,23177750,1292725,ACCUMULATION CONFIRMED,RECORDED,5,1/1,407.5,2026-09-28,-28.45,-6.5260,FALLEN,CORPORATE ACTION STATUS UNKNOWN (no heuristic flag)
2026-02-10,MAXHEALTH,Max Healthcare Institute Limited,1021.5,N/A,71.17,N/A,N/A,15078525,236775,ACCUMULATION CONFIRMED,RECORDED,0,1/1,1000.1,2026-09-28,-21.40,-2.0950,FALLEN,CORPORATE ACTION STATUS UNKNOWN (no heuristic flag)
2026-02-10,NYKAA,FSN E-Commerce Ventures Limited,280.69,N/A,56.32,N/A,N/A,41884375,1321875,ACCUMULATION CONFIRMED,RECORDED,0,1/1,325.5,2026-09-28,44.81,15.9642,RISEN,CORPORATE ACTION STATUS UNKNOWN (no heuristic flag)
2026-02-10,PPLPHARMA,Piramal Pharma Limited,163.42,N/A,45.81,N/A,N/A,20002500,700875,ACCUMULATION CONFIRMED,RECORDED,0,1/1,206.59,2026-09-28,43.17,26.4166,RISEN,CORPORATE ACTION STATUS UNKNOWN (no heuristic flag)
2026-02-11,BRITANNIA,Britannia Industries Limited,6019,N/A,47.38,N/A,N/A,3581750,63000,ACCUMULATION CONFIRMED,RECORDED,3,1/1,4915,2026-09-28,-1104.00,-18.3419,FALLEN,CORPORATE ACTION STATUS UNKNOWN (no heuristic flag)
2026-02-11,FEDERALBNK,The Federal Bank  Limited,290.5,N/A,51.53,N/A,N/A,57100000,5125000,ACCUMULATION CONFIRMED,RECORDED,2,1/1,325,2026-09-28,34.50,11.8761,RISEN,CORPORATE ACTION STATUS UNKNOWN (no heuristic flag)
2026-02-11,INDUSTOWER,Indus Towers Limited,467.05,N/A,53.66,N/A,N/A,83439400,183600,ACCUMULATION CONFIRMED,RECORDED,2,1/1,360,2026-09-28,-107.05,-22.9205,FALLEN,CORPORATE ACTION STATUS UNKNOWN (no heuristic flag)
2026-02-11,SBIN,State Bank of India,1182.9,N/A,60.02,N/A,N/A,56680500,849750,ACCUMULATION CONFIRMED,RECORDED,3,1/3,962,2026-09-28,-220.90,-18.6744,FALLEN,CORPORATE ACTION STATUS UNKNOWN (no heuristic flag)
2026-02-11,SYNGENE,Syngene International Limited,455.1,N/A,69.02,N/A,N/A,10007000,821000,ACCUMULATION CONFIRMED,RECORDED,2,1/1,376,2026-09-28,-79.10,-17.3808,FALLEN,CORPORATE ACTION STATUS UNKNOWN (no heuristic flag)
2026-02-12,BLUESTARCO,Blue Star Limited,1974,N/A,63.77,N/A,N/A,2710175,25350,ACCUMULATION CONFIRMED,RECORDED,3,1/1,1575.4,2026-09-28,-398.60,-20.1925,FALLEN,CORPORATE ACTION STATUS UNKNOWN (no heuristic flag)
2026-02-12,SBIN,State Bank of India,1192.4,N/A,60.09,N/A,N/A,57996000,1315500,ACCUMULATION CONFIRMED,DERIVED ,3,2/3,962,2026-09-28,-230.40,-19.3224,FALLEN,CORPORATE ACTION STATUS UNKNOWN (no heuristic flag)
2026-02-13,MFSL,Max Financial Services Limited,1824.9,N/A,45.95,N/A,N/A,9431200,168000,ACCUMULATION CONFIRMED,RECORDED,4,1/1,1444,2026-09-28,-380.90,-20.8724,FALLEN,CORPORATE ACTION STATUS UNKNOWN (no heuristic flag)
2026-02-13,SBIN,State Bank of India,1198.6,N/A,63.19,N/A,N/A,58392750,396750,ACCUMULATION CONFIRMED,RECORDED,3,3/3,962,2026-09-28,-236.60,-19.7397,FALLEN,CORPORATE ACTION STATUS UNKNOWN (no heuristic flag)
2026-02-16,ASTRAL,Astral Limited,1639.8,N/A,46.18,N/A,N/A,8045675,3400,ACCUMULATION CONFIRMED,RECORDED,2,1/1,1370.5,2026-09-28,-269.30,-16.4227,FALLEN,CORPORATE ACTION STATUS UNKNOWN (no heuristic flag)
2026-02-16,GLENMARK,Glenmark Pharmaceuticals Limited,2030.5,N/A,49.33,N/A,N/A,11187375,16500,ACCUMULATION CONFIRMED,RECORDED,2,1/1,2325.7,2026-09-28,295.20,14.5383,RISEN,CORPORATE ACTION STATUS UNKNOWN (no heuristic flag)
2026-02-17,INDUSINDBK,IndusInd Bank Limited,943.8,N/A,66.59,N/A,N/A,33138700,173600,ACCUMULATION CONFIRMED,RECORDED,2,1/1,909.7,2026-09-28,-34.10,-3.6131,FALLEN,CORPORATE ACTION STATUS UNKNOWN (no heuristic flag)
2026-02-23,NTPC,NTPC Limited,375.45,N/A,71.24,N/A,N/A,45288000,288000,ACCUMULATION CONFIRMED,RECORDED,3,1/2,321.1,2026-09-28,-54.35,-14.4760,FALLEN,CORPORATE ACTION STATUS UNKNOWN (no heuristic flag)
2026-02-24,NTPC,NTPC Limited,382.75,N/A,60.09,N/A,N/A,51340500,6052500,ACCUMULATION CONFIRMED,RECORDED,3,2/2,321.1,2026-09-28,-61.65,-16.1071,FALLEN,CORPORATE ACTION STATUS UNKNOWN (no heuristic flag)
2026-02-25,BIOCON,Biocon Limited,395.85,N/A,45.75,N/A,N/A,39000000,685000,ACCUMULATION CONFIRMED,RECORDED,6,1/1,374.9,2026-09-28,-20.95,-5.2924,FALLEN,CORPORATE ACTION STATUS UNKNOWN (no heuristic flag)
2026-02-25,COLPAL,Colgate Palmolive (India) Limited,2270.4,N/A,63.36,N/A,N/A,5683500,101250,ACCUMULATION CONFIRMED,RECORDED,0,1/1,1845.9,2026-09-28,-424.50,-18.6971,FALLEN,CORPORATE ACTION STATUS UNKNOWN (no heuristic flag)
2026-02-25,EXIDEIND,Exide Industries Limited,337.35,N/A,53.85,N/A,N/A,28796400,961200,ACCUMULATION CONFIRMED,RECORDED,0,1/1,411.75,2026-09-28,74.40,22.0542,RISEN,CORPORATE ACTION STATUS UNKNOWN (no heuristic flag)
2026-02-25,HAVELLS,Havells India Limited,1417.6,N/A,60.56,N/A,N/A,9742000,32500,ACCUMULATION CONFIRMED,RECORDED,2,1/1,1085,2026-09-28,-332.60,-23.4622,FALLEN,CORPORATE ACTION STATUS UNKNOWN (no heuristic flag)
2026-02-25,IOC,Indian Oil Corporation Limited,183.03,N/A,58.53,N/A,N/A,85146750,575250,ACCUMULATION CONFIRMED,RECORDED,9,1/1,133.32,2026-09-28,-49.71,-27.1595,FALLEN,CORPORATE ACTION STATUS UNKNOWN (no heuristic flag)
2026-02-25,JSWSTEEL,JSW Steel Limited,1275,N/A,47.93,N/A,N/A,52123500,252450,ACCUMULATION CONFIRMED,RECORDED,4,1/1,1264.1,2026-09-28,-10.90,-0.8549,FALLEN,CORPORATE ACTION STATUS UNKNOWN (no heuristic flag)
2026-02-25,LUPIN,Lupin Limited,2292.2,N/A,57.79,N/A,N/A,7571800,137700,ACCUMULATION CONFIRMED,RECORDED,2,1/1,2062,2026-09-28,-230.20,-10.0428,FALLEN,CORPORATE ACTION STATUS UNKNOWN (no heuristic flag)
2026-02-25,MANKIND,Mankind Pharma Limited,2155.7,N/A,53.09,N/A,N/A,2305350,74025,ACCUMULATION CONFIRMED,RECORDED,4,1/1,2435.6,2026-09-28,279.90,12.9842,RISEN,CORPORATE ACTION STATUS UNKNOWN (no heuristic flag)
2026-02-25,PETRONET,Petronet LNG Limited,313.9,N/A,61.63,N/A,N/A,36658600,43700,ACCUMULATION CONFIRMED,RECORDED,2,1/1,289.85,2026-09-28,-24.05,-7.6617,FALLEN,CORPORATE ACTION STATUS UNKNOWN (no heuristic flag)
2026-02-25,SAIL,Steel Authority of India Limited,164.93,N/A,47.07,N/A,N/A,183426900,25906400,ACCUMULATION CONFIRMED,RECORDED,1,1/1,184.2,2026-09-28,19.27,11.6837,RISEN,CORPORATE ACTION STATUS UNKNOWN (no heuristic flag)
2026-02-25,SUPREMEIND,Supreme Industries Limited,4052.6,N/A,61.29,N/A,N/A,1556625,12600,ACCUMULATION CONFIRMED,RECORDED,1,1/1,3499.8,2026-09-28,-552.80,-13.6406,FALLEN,CORPORATE ACTION STATUS UNKNOWN (no heuristic flag)
2026-02-26,CGPOWER,CG Power and Industrial Solutions Limited,726.75,N/A,59.78,N/A,N/A,15732650,963900,ACCUMULATION CONFIRMED,RECORDED,0,1/1,865,2026-09-28,138.25,19.0230,RISEN,CORPORATE ACTION STATUS UNKNOWN (no heuristic flag)
2026-02-26,CIPLA,Cipla Limited,1358.1,N/A,55.72,N/A,N/A,13090125,25875,ACCUMULATION CONFIRMED,RECORDED,3,1/1,1383.7,2026-09-28,25.60,1.8850,RISEN,CORPORATE ACTION STATUS UNKNOWN (no heuristic flag)
2026-02-26,ICICIBANK,ICICI Bank Limited,1404.9,N/A,55.15,N/A,N/A,103927600,2522800,ACCUMULATION CONFIRMED,RECORDED,2,1/1,1302,2026-09-28,-102.90,-7.3244,FALLEN,CORPORATE ACTION STATUS UNKNOWN (no heuristic flag)
2026-02-26,TMPV,Tata Motors Passenger Vehicles Limited,391.55,N/A,49.75,N/A,N/A,67884000,60000,ACCUMULATION CONFIRMED,RECORDED,0,1/1,281.75,2026-09-28,-109.80,-28.0424,FALLEN,CORPORATE ACTION STATUS UNKNOWN (no heuristic flag)
2026-02-26,UNIONBANK,Union Bank of India,201.54,N/A,52.43,N/A,N/A,65171400,6318900,ACCUMULATION CONFIRMED,RECORDED,1,1/1,171.75,2026-09-28,-29.79,-14.7812,FALLEN,CORPORATE ACTION STATUS UNKNOWN (no heuristic flag)
2026-02-27,IOC,Indian Oil Corporation Limited,187.47,N/A,57.8,N/A,N/A,87394125,14625,ACCUMULATION CONFIRMED,RECORDED,10,1/1,133.32,2026-09-28,-54.15,-28.8846,FALLEN,CORPORATE ACTION STATUS UNKNOWN (no heuristic flag)
2026-02-27,JUBLFOOD,Jubilant Foodworks Limited,519.9,N/A,71.42,N/A,N/A,28206250,4213750,ACCUMULATION CONFIRMED,RECORDED,0,1/1,478.7,2026-09-28,-41.20,-7.9246,FALLEN,CORPORATE ACTION STATUS UNKNOWN (no heuristic flag)
2026-02-27,TIINDIA,Tube Investments of India Limited,2753.4,N/A,66.6,N/A,N/A,2808200,105200,ACCUMULATION CONFIRMED,RECORDED,1,1/2,2459,2026-09-28,-294.40,-10.6922,FALLEN,CORPORATE ACTION STATUS UNKNOWN (no heuristic flag)
2026-03-02,SUNPHARMA,Sun Pharmaceutical Industries Limited,1752.5,N/A,56.49,N/A,N/A,22209600,357350,ACCUMULATION CONFIRMED,RECORDED,2,1/1,1838,2026-09-28,85.50,4.8787,RISEN,CORPORATE ACTION STATUS UNKNOWN (no heuristic flag)
2026-03-02,TIINDIA,Tube Investments of India Limited,2837.6,N/A,70.39,N/A,N/A,2991400,183200,ACCUMULATION CONFIRMED,RECORDED,1,2/2,2459,2026-09-28,-378.60,-13.3423,FALLEN,CORPORATE ACTION STATUS UNKNOWN (no heuristic flag)
2026-03-05,SUNPHARMA,Sun Pharmaceutical Industries Limited,1784.5,N/A,61.04,N/A,N/A,21740950,228200,ACCUMULATION CONFIRMED,RECORDED,3,1/1,1838,2026-09-28,53.50,2.9980,RISEN,CORPORATE ACTION STATUS UNKNOWN (no heuristic flag)
2026-03-06,ASTRAL,Astral Limited,1689.2,N/A,49.14,N/A,N/A,9071625,409275,ACCUMULATION CONFIRMED,RECORDED,3,1/1,1370.5,2026-09-28,-318.70,-18.8669,FALLEN,CORPORATE ACTION STATUS UNKNOWN (no heuristic flag)
2026-03-06,NTPC,NTPC Limited,380.6,N/A,59.12,N/A,N/A,101952000,3523500,ACCUMULATION CONFIRMED,RECORDED,4,1/1,321.1,2026-09-28,-59.50,-15.6332,FALLEN,CORPORATE ACTION STATUS UNKNOWN (no heuristic flag)
2026-03-09,SUNPHARMA,Sun Pharmaceutical Industries Limited,1807.4,N/A,60.78,N/A,N/A,21579250,97650,ACCUMULATION CONFIRMED,RECORDED,4,1/2,1838,2026-09-28,30.60,1.6930,RISEN,CORPORATE ACTION STATUS UNKNOWN (no heuristic flag)
2026-03-10,DALBHARAT,Dalmia Bharat Limited,1849,N/A,58.93,N/A,N/A,2231450,123500,ACCUMULATION CONFIRMED,RECORDED,2,1/1,1651.6,2026-09-28,-197.40,-10.6760,FALLEN,CORPORATE ACTION STATUS UNKNOWN (no heuristic flag)
2026-03-10,LUPIN,Lupin Limited,2337.4,N/A,63.33,N/A,N/A,6831875,119425,ACCUMULATION CONFIRMED,RECORDED,3,1/1,2062,2026-09-28,-275.40,-11.7823,FALLEN,CORPORATE ACTION STATUS UNKNOWN (no heuristic flag)
2026-03-10,NESTLEIND,Nestle India Limited,1241.2,N/A,57.73,N/A,N/A,16022500,222500,ACCUMULATION CONFIRMED,RECORDED,1,1/1,1346,2026-09-28,104.80,8.4434,RISEN,CORPORATE ACTION STATUS UNKNOWN (no heuristic flag)
2026-03-10,SUNPHARMA,Sun Pharmaceutical Industries Limited,1812.8,N/A,60.49,N/A,N/A,22338050,758800,ACCUMULATION CONFIRMED,RECORDED,4,2/2,1838,2026-09-28,25.20,1.3901,RISEN,CORPORATE ACTION STATUS UNKNOWN (no heuristic flag)
2026-03-11,SUPREMEIND,Supreme Industries Limited,4038,N/A,57.76,N/A,N/A,1704500,150150,ACCUMULATION CONFIRMED,RECORDED,2,1/1,3499.8,2026-09-28,-538.20,-13.3284,FALLEN,CORPORATE ACTION STATUS UNKNOWN (no heuristic flag)
2026-03-11,WIPRO,Wipro Limited,202.23,N/A,56.62,N/A,N/A,153294000,4575000,ACCUMULATION CONFIRMED,RECORDED,1,1/1,161.56,2026-09-28,-40.67,-20.1108,FALLEN,CORPORATE ACTION STATUS UNKNOWN (no heuristic flag)
2026-03-12,NTPC,NTPC Limited,390.55,N/A,58.93,N/A,N/A,104949000,6142500,ACCUMULATION CONFIRMED,RECORDED,5,1/1,321.1,2026-09-28,-69.45,-17.7826,FALLEN,CORPORATE ACTION STATUS UNKNOWN (no heuristic flag)
2026-03-16,NHPC,NHPC Limited,75.27,N/A,49.63,N/A,N/A,74604800,1817600,ACCUMULATION CONFIRMED,RECORDED,0,1/1,74.5,2026-09-28,-0.77,-1.0230,FALLEN,CORPORATE ACTION STATUS UNKNOWN (no heuristic flag)
2026-03-17,RECLTD,REC Limited,337.7,N/A,57.07,N/A,N/A,70921200,1605800,ACCUMULATION CONFIRMED,RECORDED,1,1/2,303.25,2026-09-28,-34.45,-10.2014,FALLEN,CORPORATE ACTION STATUS UNKNOWN (no heuristic flag)
2026-03-17,SBILIFE,SBI Life Insurance Company Limited,1932.1,N/A,62.67,N/A,N/A,9024375,156000,ACCUMULATION CONFIRMED,RECORDED,4,1/1,1728.1,2026-09-28,-204.00,-10.5585,FALLEN,CORPORATE ACTION STATUS UNKNOWN (no heuristic flag)
2026-03-17,SONACOMS,Sona BLW Precision Forgings Limited,502.1,N/A,58.18,N/A,N/A,11745300,82075,ACCUMULATION CONFIRMED,RECORDED,3,1/1,807.9,2026-09-28,305.80,60.9042,RISEN,CORPORATE ACTION STATUS UNKNOWN (no heuristic flag)
2026-03-18,BHARATFORG,Bharat Forge Limited,1804.4,N/A,46.23,N/A,N/A,7191500,182000,ACCUMULATION CONFIRMED,RECORDED,2,1/1,1957,2026-09-28,152.60,8.4571,RISEN,CORPORATE ACTION STATUS UNKNOWN (no heuristic flag)
2026-03-18,DELHIVERY,Delhivery Limited,422.55,N/A,47.87,N/A,N/A,26333825,1284425,ACCUMULATION CONFIRMED,RECORDED,6,1/1,407.5,2026-09-28,-15.05,-3.5617,FALLEN,CORPORATE ACTION STATUS UNKNOWN (no heuristic flag)
2026-03-18,LODHA,Lodha Developers Limited,854.15,N/A,66.7,N/A,N/A,11681550,1743300,ACCUMULATION CONFIRMED,RECORDED,3,1/1,1117.1,2026-09-28,262.95,30.7850,RISEN,CORPORATE ACTION STATUS UNKNOWN (no heuristic flag)
2026-03-18,NUVAMA,Nuvama Wealth Management Limited,1178.6,N/A,56.88,N/A,N/A,1926500,18500,ACCUMULATION CONFIRMED,RECORDED,1,1/1,1640.6,2026-09-28,462.00,39.1990,RISEN,CORPORATE ACTION STATUS UNKNOWN (no heuristic flag)
2026-03-18,PHOENIXLTD,The Phoenix Mills Limited,1627.3,N/A,64.67,N/A,N/A,3865400,3850,ACCUMULATION CONFIRMED,RECORDED,3,1/1,1952.2,2026-09-28,324.90,19.9656,RISEN,CORPORATE ACTION STATUS UNKNOWN (no heuristic flag)
2026-03-18,PNBHOUSING,PNB Housing Finance Limited,807.65,N/A,55.98,N/A,N/A,13164450,226200,ACCUMULATION CONFIRMED,RECORDED,1,1/1,1085,2026-09-28,277.35,34.3404,RISEN,CORPORATE ACTION STATUS UNKNOWN (no heuristic flag)
2026-03-18,POLYCAB,Polycab India Limited,7374.5,N/A,64.49,N/A,N/A,1994750,9000,ACCUMULATION CONFIRMED,RECORDED,0,1/1,8191,2026-09-28,816.50,11.0719,RISEN,CORPORATE ACTION STATUS UNKNOWN (no heuristic flag)
2026-03-18,RECLTD,REC Limited,348.05,N/A,48.36,N/A,N/A,71265600,344400,ACCUMULATION CONFIRMED,RECORDED,1,2/2,303.25,2026-09-28,-44.80,-12.8717,FALLEN,CORPORATE ACTION STATUS UNKNOWN (no heuristic flag)
2026-03-20,COALINDIA,Coal India Limited,468.15,N/A,58.88,N/A,N/A,47374200,552150,ACCUMULATION CONFIRMED,RECORDED,2,1/1,422.5,2026-09-28,-45.65,-9.7511,FALLEN,CORPORATE ACTION STATUS UNKNOWN (no heuristic flag)
2026-03-20,DELHIVERY,Delhivery Limited,422.85,N/A,56.97,N/A,N/A,26300625,174300,ACCUMULATION CONFIRMED,RECORDED,7,1/1,407.5,2026-09-28,-15.35,-3.6301,FALLEN,CORPORATE ACTION STATUS UNKNOWN (no heuristic flag)
2026-03-20,GRASIM,Grasim Industries Limited,2616.3,N/A,64.78,N/A,N/A,14866750,229750,ACCUMULATION CONFIRMED,RECORDED,2,1/1,3150,2026-09-28,533.70,20.3990,RISEN,CORPORATE ACTION STATUS UNKNOWN (no heuristic flag)
2026-03-20,HCLTECH,HCL Technologies Limited,1333.7,N/A,63.67,N/A,N/A,31584350,481950,ACCUMULATION CONFIRMED,RECORDED,2,1/2,1252.6,2026-09-28,-81.10,-6.0808,FALLEN,CORPORATE ACTION STATUS UNKNOWN (no heuristic flag)
2026-03-20,HEROMOTOCO,Hero MotoCorp Limited,5275.5,N/A,62.44,N/A,N/A,3676800,117900,ACCUMULATION CONFIRMED,RECORDED,0,1/1,5390,2026-09-28,114.50,2.1704,RISEN,CORPORATE ACTION STATUS UNKNOWN (no heuristic flag)
2026-03-20,INFY,Infosys Limited,1255.9,N/A,50.08,N/A,N/A,65971200,1879600,ACCUMULATION CONFIRMED,RECORDED,0,1/1,1003.2,2026-09-28,-252.70,-20.1210,FALLEN,CORPORATE ACTION STATUS UNKNOWN (no heuristic flag)
2026-03-20,MAXHEALTH,Max Healthcare Institute Limited,964.8,N/A,62.95,N/A,N/A,12558000,56175,ACCUMULATION CONFIRMED,RECORDED,1,1/1,1000.1,2026-09-28,35.30,3.6588,RISEN,CORPORATE ACTION STATUS UNKNOWN (no heuristic flag)
2026-03-20,MFSL,Max Financial Services Limited,1639.3,N/A,67.98,N/A,N/A,10194400,65600,ACCUMULATION CONFIRMED,RECORDED,5,1/1,1444,2026-09-28,-195.30,-11.9136,FALLEN,CORPORATE ACTION STATUS UNKNOWN (no heuristic flag)
2026-03-20,PIIND,PI Industries Limited,2909.5,N/A,54.57,N/A,N/A,3045000,23275,ACCUMULATION CONFIRMED,RECORDED,0,1/1,2349,2026-09-28,-560.50,-19.2645,FALLEN,CORPORATE ACTION STATUS UNKNOWN (no heuristic flag)
2026-03-20,POWERGRID,Power Grid Corporation of India Limited,297.6,N/A,63.93,N/A,N/A,75488900,144400,ACCUMULATION CONFIRMED,RECORDED,2,1/1,261.85,2026-09-28,-35.75,-12.0128,FALLEN,CORPORATE ACTION STATUS UNKNOWN (no heuristic flag)
2026-03-20,RELIANCE,Reliance Industries Limited,1414.4,N/A,56.1,N/A,N/A,86139500,544000,ACCUMULATION CONFIRMED,RECORDED,0,1/1,1197.6,2026-09-28,-216.80,-15.3281,FALLEN,CORPORATE ACTION STATUS UNKNOWN (no heuristic flag)
2026-03-20,TECHM,Tech Mahindra Limited,1384.8,N/A,57.27,N/A,N/A,19029600,406200,ACCUMULATION CONFIRMED,RECORDED,5,1/1,1542.2,2026-09-28,157.40,11.3663,RISEN,CORPORATE ACTION STATUS UNKNOWN (no heuristic flag)
2026-03-20,TMPV,Tata Motors Passenger Vehicles Limited,314.1,N/A,60.5,N/A,N/A,60231200,58400,ACCUMULATION CONFIRMED,RECORDED,1,1/1,281.75,2026-09-28,-32.35,-10.2993,FALLEN,CORPORATE ACTION STATUS UNKNOWN (no heuristic flag)
2026-03-20,WIPRO,Wipro Limited,190.9,N/A,51.8,N/A,N/A,159789000,5226000,ACCUMULATION CONFIRMED,RECORDED,2,1/1,161.56,2026-09-28,-29.34,-15.3693,FALLEN,CORPORATE ACTION STATUS UNKNOWN (no heuristic flag)
2026-03-23,HCLTECH,HCL Technologies Limited,1358.6,N/A,46.16,N/A,N/A,32004000,419650,ACCUMULATION CONFIRMED,RECORDED,2,2/2,1252.6,2026-09-28,-106.00,-7.8021,FALLEN,CORPORATE ACTION STATUS UNKNOWN (no heuristic flag)
2026-04-01,ADANIPORTS,Adani Ports and Special Economic Zone Limited,1385.4,N/A,45.79,N/A,N/A,18487000,19475,ACCUMULATION CONFIRMED,RECORDED,1,1/1,1743.7,2026-09-28,358.30,25.8626,RISEN,CORPORATE ACTION STATUS UNKNOWN (no heuristic flag)
2026-04-01,AUROPHARMA,Aurobindo Pharma Limited,1342.1,N/A,51.5,N/A,N/A,20087650,316800,ACCUMULATION CONFIRMED,RECORDED,2,1/1,1697.5,2026-09-28,355.40,26.4809,RISEN,CORPORATE ACTION STATUS UNKNOWN (no heuristic flag)
2026-04-01,BAJFINANCE,Bajaj Finance Limited,817.3,N/A,62.47,N/A,N/A,69015750,491250,ACCUMULATION CONFIRMED,RECORDED,1,1/1,985,2026-09-28,167.70,20.5188,RISEN,CORPORATE ACTION STATUS UNKNOWN (no heuristic flag)
2026-04-01,HDFCBANK,HDFC Bank Limited,742.25,N/A,63.42,N/A,N/A,353460800,4294950,ACCUMULATION CONFIRMED,RECORDED,0,1/1,719.05,2026-09-28,-23.20,-3.1256,FALLEN,CORPORATE ACTION STATUS UNKNOWN (no heuristic flag)
2026-04-01,ICICIBANK,ICICI Bank Limited,1212.7,N/A,65.85,N/A,N/A,108962700,1422400,ACCUMULATION CONFIRMED,RECORDED,3,1/1,1302,2026-09-28,89.30,7.3637,RISEN,CORPORATE ACTION STATUS UNKNOWN (no heuristic flag)
2026-04-01,ICICIPRULI,ICICI Prudential Life Insurance Company Limited,513.35,N/A,60.71,N/A,N/A,18520350,891700,ACCUMULATION CONFIRMED,RECORDED,5,1/1,458.7,2026-09-28,-54.65,-10.6458,FALLEN,CORPORATE ACTION STATUS UNKNOWN (no heuristic flag)
2026-04-01,MARICO,Marico Limited,744.5,N/A,59.79,N/A,N/A,26821200,474000,ACCUMULATION CONFIRMED,RECORDED,0,1/2,813.25,2026-09-28,68.75,9.2344,RISEN,CORPORATE ACTION STATUS UNKNOWN (no heuristic flag)
2026-04-01,MOTHERSON,Samvardhana Motherson International Limited,107.62,N/A,53.49,N/A,N/A,126690000,1826550,ACCUMULATION CONFIRMED,RECORDED,3,1/1,162.37,2026-09-28,54.75,50.8734,RISEN,CORPORATE ACTION STATUS UNKNOWN (no heuristic flag)
2026-04-01,NAM-INDIA,Nippon Life India Asset Management Limited,865.15,N/A,52.14,N/A,N/A,396250,396250,ACCUMULATION CONFIRMED,RECORDED,0,1/1,1093.9,2026-09-28,228.75,26.4405,RISEN,CORPORATE ACTION STATUS UNKNOWN (no heuristic flag)
2026-04-01,NESTLEIND,Nestle India Limited,1180.8,N/A,61.02,N/A,N/A,17277500,352500,ACCUMULATION CONFIRMED,RECORDED,2,1/1,1346,2026-09-28,165.20,13.9905,RISEN,CORPORATE ACTION STATUS UNKNOWN (no heuristic flag)
2026-04-01,NYKAA,FSN E-Commerce Ventures Limited,239.97,N/A,59.36,N/A,N/A,43109375,856250,ACCUMULATION CONFIRMED,RECORDED,1,1/3,325.5,2026-09-28,85.53,35.6420,RISEN,CORPORATE ACTION STATUS UNKNOWN (no heuristic flag)
2026-04-01,PNBHOUSING,PNB Housing Finance Limited,780.05,N/A,48.11,N/A,N/A,12785500,323700,ACCUMULATION CONFIRMED,RECORDED,2,1/1,1085,2026-09-28,304.95,39.0936,RISEN,CORPORATE ACTION STATUS UNKNOWN (no heuristic flag)
2026-04-01,PREMIERENE,Premier Energies Limited,937.7,N/A,53.39,N/A,N/A,9774425,866525,ACCUMULATION CONFIRMED,RECORDED,0,1/1,906,2026-09-28,-31.70,-3.3806,FALLEN,CORPORATE ACTION STATUS UNKNOWN (no heuristic flag)
2026-04-01,PRESTIGE,Prestige Estates Projects Limited,1144.9,N/A,69.96,N/A,N/A,6402600,197550,ACCUMULATION CONFIRMED,RECORDED,1,1/2,1470.8,2026-09-28,325.90,28.4654,RISEN,CORPORATE ACTION STATUS UNKNOWN (no heuristic flag)
2026-04-01,SAIL,Steel Authority of India Limited,155.82,N/A,48.54,N/A,N/A,182524500,14715700,ACCUMULATION CONFIRMED,RECORDED,2,1/1,184.2,2026-09-28,28.38,18.2133,RISEN,CORPORATE ACTION STATUS UNKNOWN (no heuristic flag)
2026-04-01,SWIGGY,Swiggy Limited,265.3,N/A,48.73,N/A,N/A,49068500,1292200,ACCUMULATION CONFIRMED,RECORDED,0,1/1,256,2026-09-28,-9.30,-3.5055,FALLEN,CORPORATE ACTION STATUS UNKNOWN (no heuristic flag)
2026-04-02,LODHA,Lodha Developers Limited,696.05,N/A,46.55,N/A,N/A,21473100,288000,ACCUMULATION CONFIRMED,RECORDED,4,1/2,1117.1,2026-09-28,421.05,60.4913,RISEN,CORPORATE ACTION STATUS UNKNOWN (no heuristic flag)
2026-04-02,LTM,LTM Limited,4303.9,N/A,50.83,N/A,N/A,3663150,78900,ACCUMULATION CONFIRMED,RECORDED,0,1/1,4091.4,2026-09-28,-212.50,-4.9374,FALLEN,CORPORATE ACTION STATUS UNKNOWN (no heuristic flag)
2026-04-02,MARICO,Marico Limited,761.35,N/A,54.49,N/A,N/A,27132000,310800,ACCUMULATION CONFIRMED,RECORDED,0,2/2,813.25,2026-09-28,51.90,6.8168,RISEN,CORPORATE ACTION STATUS UNKNOWN (no heuristic flag)
2026-04-02,NYKAA,FSN E-Commerce Ventures Limited,245.98,N/A,51.65,N/A,N/A,45259375,2150000,ACCUMULATION CONFIRMED,DERIVED ,1,2/3,325.5,2026-09-28,79.52,32.3278,RISEN,CORPORATE ACTION STATUS UNKNOWN (no heuristic flag)
2026-04-02,PRESTIGE,Prestige Estates Projects Limited,1152,N/A,52.29,N/A,N/A,7050150,647550,ACCUMULATION CONFIRMED,RECORDED,1,2/2,1470.8,2026-09-28,318.80,27.6736,RISEN,CORPORATE ACTION STATUS UNKNOWN (no heuristic flag)
2026-04-02,TCS,Tata Consultancy Services Limited,2450.7,N/A,52.25,N/A,N/A,30607500,597975,ACCUMULATION CONFIRMED,RECORDED,0,1/1,2070.7,2026-09-28,-380.00,-15.5058,FALLEN,CORPORATE ACTION STATUS UNKNOWN (no heuristic flag)
2026-04-02,TITAN,Titan Company Limited,4097.2,N/A,60.04,N/A,N/A,9618350,71575,ACCUMULATION CONFIRMED,RECORDED,0,1/2,4819.5,2026-09-28,722.30,17.6291,RISEN,CORPORATE ACTION STATUS UNKNOWN (no heuristic flag)
2026-04-06,ADANIPOWER,Adani Power Limited,163.26,N/A,65.61,N/A,N/A,38016950,15105250,ACCUMULATION CONFIRMED,RECORDED,0,1/1,196.14,2026-09-28,32.88,20.1397,RISEN,CORPORATE ACTION STATUS UNKNOWN (no heuristic flag)
2026-04-06,LODHA,Lodha Developers Limited,710.25,N/A,52.29,N/A,N/A,23022000,1548900,ACCUMULATION CONFIRMED,RECORDED,4,2/2,1117.1,2026-09-28,406.85,57.2826,RISEN,CORPORATE ACTION STATUS UNKNOWN (no heuristic flag)
2026-04-06,NAM-INDIA,Nippon Life India Asset Management Limited,839.65,N/A,60.66,N/A,N/A,956250,218750,ACCUMULATION CONFIRMED,RECORDED,1,1/1,1093.9,2026-09-28,254.25,30.2805,RISEN,CORPORATE ACTION STATUS UNKNOWN (no heuristic flag)
2026-04-06,NYKAA,FSN E-Commerce Ventures Limited,252.52,N/A,45.42,N/A,N/A,47031250,1771875,ACCUMULATION CONFIRMED,RECORDED,1,3/3,325.5,2026-09-28,72.98,28.9007,RISEN,CORPORATE ACTION STATUS UNKNOWN (no heuristic flag)
2026-04-06,SBIN,State Bank of India,1032.75,N/A,47.29,N/A,N/A,74733750,453750,ACCUMULATION CONFIRMED,RECORDED,4,1/1,962,2026-09-28,-70.75,-6.8506,FALLEN,CORPORATE ACTION STATUS UNKNOWN (no heuristic flag)
2026-04-06,TATACONSUM,TATA CONSUMER PRODUCTS LIMITED,1055.2,N/A,59.92,N/A,N/A,12888150,583000,ACCUMULATION CONFIRMED,RECORDED,3,1/1,960,2026-09-28,-95.20,-9.0220,FALLEN,CORPORATE ACTION STATUS UNKNOWN (no heuristic flag)
2026-04-06,TITAN,Titan Company Limited,4246.1,N/A,52.49,N/A,N/A,9720200,101850,ACCUMULATION CONFIRMED,RECORDED,0,2/2,4819.5,2026-09-28,573.40,13.5042,RISEN,CORPORATE ACTION STATUS UNKNOWN (no heuristic flag)
2026-04-07,BAJAJFINSV,Bajaj Finserv Limited,1684.4,N/A,70.27,N/A,N/A,10028000,35500,ACCUMULATION CONFIRMED,RECORDED,1,1/1,1752,2026-09-28,67.60,4.0133,RISEN,CORPORATE ACTION STATUS UNKNOWN (no heuristic flag)
2026-04-07,HINDUNILVR,Hindustan Unilever Limited,2110.6,N/A,57.51,N/A,N/A,15980400,67800,ACCUMULATION CONFIRMED,RECORDED,2,1/2,1896,2026-09-28,-214.60,-10.1677,FALLEN,CORPORATE ACTION STATUS UNKNOWN (no heuristic flag)
2026-04-07,JSWSTEEL,JSW Steel Limited,1151.9,N/A,49.52,N/A,N/A,47357325,2025,ACCUMULATION CONFIRMED,RECORDED,5,1/1,1264.1,2026-09-28,112.20,9.7404,RISEN,CORPORATE ACTION STATUS UNKNOWN (no heuristic flag)
2026-04-08,ABB,ABB India Limited,6565,N/A,48.35,N/A,N/A,2059375,101250,ACCUMULATION CONFIRMED,RECORDED,1,1/3,6972.5,2026-09-28,407.50,6.2072,RISEN,CORPORATE ACTION STATUS UNKNOWN (no heuristic flag)
2026-04-08,AUROPHARMA,Aurobindo Pharma Limited,1335.7,N/A,56.28,N/A,N/A,21132650,200200,ACCUMULATION CONFIRMED,RECORDED,3,1/1,1697.5,2026-09-28,361.80,27.0869,RISEN,CORPORATE ACTION STATUS UNKNOWN (no heuristic flag)
2026-04-08,BRITANNIA,Britannia Industries Limited,5594.5,N/A,56.04,N/A,N/A,2753875,1500,ACCUMULATION CONFIRMED,RECORDED,4,1/1,4915,2026-09-28,-679.50,-12.1459,FALLEN,CORPORATE ACTION STATUS UNKNOWN (no heuristic flag)
2026-04-08,CHOLAFIN,Cholamandalam Investment and Finance Company Limited,1554.3,N/A,54.46,N/A,N/A,19636250,272500,ACCUMULATION CONFIRMED,RECORDED,2,1/1,1634.2,2026-09-28,79.90,5.1406,RISEN,CORPORATE ACTION STATUS UNKNOWN (no heuristic flag)
2026-04-08,CIPLA,Cipla Limited,1215.9,N/A,56.72,N/A,N/A,13708125,202500,ACCUMULATION CONFIRMED,RECORDED,4,1/1,1383.7,2026-09-28,167.80,13.8005,RISEN,CORPORATE ACTION STATUS UNKNOWN (no heuristic flag)
2026-04-08,CROMPTON,Crompton Greaves Consumer Electricals Limited,246.05,N/A,47.11,N/A,N/A,46459800,270000,ACCUMULATION CONFIRMED,RECORDED,1,1/1,218.8,2026-09-28,-27.25,-11.0750,FALLEN,CORPORATE ACTION STATUS UNKNOWN (no heuristic flag)
2026-04-08,DALBHARAT,Dalmia Bharat Limited,1922.6,N/A,47.59,N/A,N/A,2520375,134550,ACCUMULATION CONFIRMED,RECORDED,3,1/1,1651.6,2026-09-28,-271.00,-14.0955,FALLEN,CORPORATE ACTION STATUS UNKNOWN (no heuristic flag)
2026-04-08,DELHIVERY,Delhivery Limited,459.85,N/A,47.15,N/A,N/A,30305375,1732625,ACCUMULATION CONFIRMED,RECORDED,8,1/1,407.5,2026-09-28,-52.35,-11.3841,FALLEN,CORPORATE ACTION STATUS UNKNOWN (no heuristic flag)
2026-04-08,EICHERMOT,Eicher Motors Limited,7131,N/A,46.99,N/A,N/A,3933800,138100,ACCUMULATION CONFIRMED,RECORDED,1,1/1,7213.5,2026-09-28,82.50,1.1569,RISEN,CORPORATE ACTION STATUS UNKNOWN (no heuristic flag)
2026-04-08,GAIL,GAIL (India) Limited,153.3,N/A,49.82,N/A,N/A,79254000,1512000,ACCUMULATION CONFIRMED,RECORDED,2,1/1,172.45,2026-09-28,19.15,12.4918,RISEN,CORPORATE ACTION STATUS UNKNOWN (no heuristic flag)
2026-04-08,GODREJCP,Godrej Consumer Products Limited,1075.15,N/A,63.92,N/A,N/A,12191500,554000,ACCUMULATION CONFIRMED,RECORDED,1,1/1,868,2026-09-28,-207.15,-19.2671,FALLEN,CORPORATE ACTION STATUS UNKNOWN (no heuristic flag)
2026-04-08,HCLTECH,HCL Technologies Limited,1461,N/A,54.44,N/A,N/A,34950650,187250,ACCUMULATION CONFIRMED,RECORDED,3,1/1,1252.6,2026-09-28,-208.40,-14.2642,FALLEN,CORPORATE ACTION STATUS UNKNOWN (no heuristic flag)
2026-04-08,HEROMOTOCO,Hero MotoCorp Limited,5287.5,N/A,56.55,N/A,N/A,3744600,127050,ACCUMULATION CONFIRMED,RECORDED,1,1/1,5390,2026-09-28,102.50,1.9385,RISEN,CORPORATE ACTION STATUS UNKNOWN (no heuristic flag)
2026-04-08,HINDUNILVR,Hindustan Unilever Limited,2145.6,N/A,60.7,N/A,N/A,16116900,136500,ACCUMULATION CONFIRMED,RECORDED,2,2/2,1896,2026-09-28,-249.60,-11.6331,FALLEN,CORPORATE ACTION STATUS UNKNOWN (no heuristic flag)
2026-04-08,INFY,Infosys Limited,1346.2,N/A,53.51,N/A,N/A,74711200,3098000,ACCUMULATION CONFIRMED,RECORDED,1,1/1,1003.2,2026-09-28,-343.00,-25.4791,FALLEN,CORPORATE ACTION STATUS UNKNOWN (no heuristic flag)
2026-04-08,KEI,KEI Industries Limited,4507.2,N/A,46.04,N/A,N/A,2065175,77525,ACCUMULATION CONFIRMED,RECORDED,2,1/1,4516,2026-09-28,8.80,0.1952,RISEN,CORPORATE ACTION STATUS UNKNOWN (no heuristic flag)
2026-04-08,NTPC,NTPC Limited,374.15,N/A,62.4,N/A,N/A,76506000,1785000,ACCUMULATION CONFIRMED,RECORDED,6,1/2,321.1,2026-09-28,-53.05,-14.1788,FALLEN,CORPORATE ACTION STATUS UNKNOWN (no heuristic flag)
2026-04-08,PETRONET,Petronet LNG Limited,270.41,N/A,47.73,N/A,N/A,34821300,1267300,ACCUMULATION CONFIRMED,RECORDED,3,1/2,289.85,2026-09-28,19.44,7.1891,RISEN,CORPORATE ACTION STATUS UNKNOWN (no heuristic flag)
2026-04-08,POLYCAB,Polycab India Limited,7600.5,N/A,55.74,N/A,N/A,1999250,37750,ACCUMULATION CONFIRMED,RECORDED,1,1/1,8191,2026-09-28,590.50,7.7692,RISEN,CORPORATE ACTION STATUS UNKNOWN (no heuristic flag)
2026-04-08,SAIL,Steel Authority of India Limited,164.41,N/A,48.11,N/A,N/A,175314700,6387300,ACCUMULATION CONFIRMED,RECORDED,3,1/1,184.2,2026-09-28,19.79,12.0370,RISEN,CORPORATE ACTION STATUS UNKNOWN (no heuristic flag)
2026-04-08,SBIN,State Bank of India,1061.45,N/A,51.46,N/A,N/A,75561750,1362750,ACCUMULATION CONFIRMED,RECORDED,5,1/1,962,2026-09-28,-99.45,-9.3693,FALLEN,CORPORATE ACTION STATUS UNKNOWN (no heuristic flag)
2026-04-08,SONACOMS,Sona BLW Precision Forgings Limited,533.7,N/A,52.03,N/A,N/A,12495000,470400,ACCUMULATION CONFIRMED,RECORDED,4,1/1,807.9,2026-09-28,274.20,51.3772,RISEN,CORPORATE ACTION STATUS UNKNOWN (no heuristic flag)
2026-04-08,SRF,SRF Limited,2435.1,N/A,55.18,N/A,N/A,4028200,155600,ACCUMULATION CONFIRMED,RECORDED,4,1/1,2491.5,2026-09-28,56.40,2.3161,RISEN,CORPORATE ACTION STATUS UNKNOWN (no heuristic flag)
2026-04-08,TCS,Tata Consultancy Services Limited,2559.2,N/A,45.42,N/A,N/A,30423050,428400,ACCUMULATION CONFIRMED,RECORDED,1,1/1,2070.7,2026-09-28,-488.50,-19.0880,FALLEN,CORPORATE ACTION STATUS UNKNOWN (no heuristic flag)
2026-04-08,UNOMINDA,UNO Minda Limited,1090.2,N/A,56.46,N/A,N/A,5065500,104500,ACCUMULATION CONFIRMED,RECORDED,4,1/1,1173,2026-09-28,82.80,7.5949,RISEN,CORPORATE ACTION STATUS UNKNOWN (no heuristic flag)
2026-04-08,UPL,UPL Limited,640.25,N/A,57.35,N/A,N/A,28318145,588070,ACCUMULATION CONFIRMED,RECORDED,1,1/1,549.5,2026-09-28,-90.75,-14.1742,FALLEN,CORPORATE ACTION STATUS UNKNOWN (no heuristic flag)
2026-04-09,360ONE,360 ONE WAM LIMITED,998.1,N/A,60.38,N/A,N/A,4907000,389000,ACCUMULATION CONFIRMED,RECORDED,1,1/1,1045,2026-09-28,46.90,4.6989,RISEN,CORPORATE ACTION STATUS UNKNOWN (no heuristic flag)
2026-04-09,ABB,ABB India Limited,6614,N/A,48.81,N/A,N/A,2100000,40625,ACCUMULATION CONFIRMED,DERIVED ,1,2/3,6972.5,2026-09-28,358.50,5.4203,RISEN,CORPORATE ACTION STATUS UNKNOWN (no heuristic flag)
2026-04-09,NTPC,NTPC Limited,378.65,N/A,50.72,N/A,N/A,77679000,1173000,ACCUMULATION CONFIRMED,RECORDED,6,2/2,321.1,2026-09-28,-57.55,-15.1987,FALLEN,CORPORATE ACTION STATUS UNKNOWN (no heuristic flag)
2026-04-09,PETRONET,Petronet LNG Limited,271.37,N/A,49.34,N/A,N/A,35674400,853100,ACCUMULATION CONFIRMED,RECORDED,3,2/2,289.85,2026-09-28,18.48,6.8099,RISEN,CORPORATE ACTION STATUS UNKNOWN (no heuristic flag)
2026-04-09,TATACONSUM,TATA CONSUMER PRODUCTS LIMITED,1078,N/A,60.92,N/A,N/A,12911250,254100,ACCUMULATION CONFIRMED,RECORDED,4,1/1,960,2026-09-28,-118.00,-10.9462,FALLEN,CORPORATE ACTION STATUS UNKNOWN (no heuristic flag)
2026-04-10,ABB,ABB India Limited,6859.5,N/A,48.75,N/A,N/A,2191000,91000,ACCUMULATION CONFIRMED,RECORDED,1,3/3,6972.5,2026-09-28,113.00,1.6474,RISEN,CORPORATE ACTION STATUS UNKNOWN (no heuristic flag)
2026-04-10,ASTRAL,Astral Limited,1630,N/A,45.49,N/A,N/A,8579475,172550,ACCUMULATION CONFIRMED,RECORDED,4,1/1,1370.5,2026-09-28,-259.50,-15.9202,FALLEN,CORPORATE ACTION STATUS UNKNOWN (no heuristic flag)
2026-04-10,CUMMINSIND,Cummins India Limited,5138.7,N/A,50.49,N/A,N/A,3695800,180600,ACCUMULATION CONFIRMED,RECORDED,2,1/1,4855,2026-09-28,-283.70,-5.5209,FALLEN,CORPORATE ACTION STATUS UNKNOWN (no heuristic flag)
2026-04-10,HEROMOTOCO,Hero MotoCorp Limited,5466.5,N/A,49.5,N/A,N/A,3847500,6750,ACCUMULATION CONFIRMED,RECORDED,2,1/1,5390,2026-09-28,-76.50,-1.3994,FALLEN,CORPORATE ACTION STATUS UNKNOWN (no heuristic flag)
2026-04-10,NAM-INDIA,Nippon Life India Asset Management Limited,955.25,N/A,47.19,N/A,N/A,2027500,296875,ACCUMULATION CONFIRMED,RECORDED,2,1/1,1093.9,2026-09-28,138.65,14.5145,RISEN,CORPORATE ACTION STATUS UNKNOWN (no heuristic flag)
2026-04-10,PHOENIXLTD,The Phoenix Mills Limited,1763.5,N/A,58.5,N/A,N/A,3864700,49700,ACCUMULATION CONFIRMED,RECORDED,4,1/1,1952.2,2026-09-28,188.70,10.7003,RISEN,CORPORATE ACTION STATUS UNKNOWN (no heuristic flag)
2026-04-10,PIDILITIND,Pidilite Industries Limited,1357.1,N/A,64.54,N/A,N/A,7936000,193500,ACCUMULATION CONFIRMED,RECORDED,4,1/1,1503,2026-09-28,145.90,10.7509,RISEN,CORPORATE ACTION STATUS UNKNOWN (no heuristic flag)
2026-04-10,UNITDSPR,United Spirits Limited,1268.2,N/A,62.54,N/A,N/A,12624400,42800,ACCUMULATION CONFIRMED,RECORDED,0,1/1,1415.4,2026-09-28,147.20,11.6070,RISEN,CORPORATE ACTION STATUS UNKNOWN (no heuristic flag)
2026-04-15,360ONE,360 ONE WAM LIMITED,1056,N/A,58.54,N/A,N/A,5137500,113500,ACCUMULATION CONFIRMED,RECORDED,2,1/1,1045,2026-09-28,-11.00,-1.0417,FALLEN,CORPORATE ACTION STATUS UNKNOWN (no heuristic flag)
2026-04-15,ABB,ABB India Limited,6873,N/A,50.7,N/A,N/A,2260875,43250,ACCUMULATION CONFIRMED,RECORDED,2,1/1,6972.5,2026-09-28,99.50,1.4477,RISEN,CORPORATE ACTION STATUS UNKNOWN (no heuristic flag)
2026-04-15,ALKEM,Alkem Laboratories Limited,5575.5,N/A,60.22,N/A,N/A,1152125,8500,ACCUMULATION CONFIRMED,RECORDED,4,1/1,5175,2026-09-28,-400.50,-7.1832,FALLEN,CORPORATE ACTION STATUS UNKNOWN (no heuristic flag)
2026-04-15,BPCL,Bharat Petroleum Corporation Limited,310.45,N/A,47.67,N/A,N/A,50945125,2212000,ACCUMULATION CONFIRMED,RECORDED,3,1/1,302.25,2026-09-28,-8.20,-2.6413,FALLEN,CORPORATE ACTION STATUS UNKNOWN (no heuristic flag)
2026-04-15,CAMS,Computer Age Management Services Limited,728.05,N/A,47,N/A,N/A,6070500,22500,ACCUMULATION CONFIRMED,RECORDED,2,1/1,691.55,2026-09-28,-36.50,-5.0134,FALLEN,CORPORATE ACTION STATUS UNKNOWN (no heuristic flag)
2026-04-15,CGPOWER,CG Power and Industrial Solutions Limited,748,N/A,47.27,N/A,N/A,19529600,499800,ACCUMULATION CONFIRMED,RECORDED,1,1/1,865,2026-09-28,117.00,15.6417,RISEN,CORPORATE ACTION STATUS UNKNOWN (no heuristic flag)
2026-04-15,DALBHARAT,Dalmia Bharat Limited,1974.6,N/A,64.72,N/A,N/A,2496325,650,ACCUMULATION CONFIRMED,RECORDED,4,1/1,1651.6,2026-09-28,-323.00,-16.3577,FALLEN,CORPORATE ACTION STATUS UNKNOWN (no heuristic flag)
2026-04-15,ICICIGI,ICICI Lombard General Insurance Company Limited,1858,N/A,64.77,N/A,N/A,5470725,306800,ACCUMULATION CONFIRMED,RECORDED,2,1/1,1540,2026-09-28,-318.00,-17.1152,FALLEN,CORPORATE ACTION STATUS UNKNOWN (no heuristic flag)
2026-04-15,LTM,LTM Limited,4628.7,N/A,49.73,N/A,N/A,4043100,70050,ACCUMULATION CONFIRMED,RECORDED,1,1/2,4091.4,2026-09-28,-537.30,-11.6080,FALLEN,CORPORATE ACTION STATUS UNKNOWN (no heuristic flag)
2026-04-15,PAGEIND,Page Industries Limited,36530,N/A,51.33,N/A,N/A,353985,12750,ACCUMULATION CONFIRMED,RECORDED,2,1/1,37500,2026-09-28,970.00,2.6554,RISEN,CORPORATE ACTION STATUS UNKNOWN (no heuristic flag)
2026-04-15,PATANJALI,Patanjali Foods Limited,464.7,N/A,52.6,N/A,N/A,33983100,81900,ACCUMULATION CONFIRMED,RECORDED,2,1/1,390.8,2026-09-28,-73.90,-15.9027,FALLEN,CORPORATE ACTION STATUS UNKNOWN (no heuristic flag)
2026-04-15,PIIND,PI Industries Limited,3042.1,N/A,46.97,N/A,N/A,2507050,9275,ACCUMULATION CONFIRMED,RECORDED,1,1/1,2349,2026-09-28,-693.10,-22.7836,FALLEN,CORPORATE ACTION STATUS UNKNOWN (no heuristic flag)
2026-04-15,PNBHOUSING,PNB Housing Finance Limited,866.55,N/A,57.19,N/A,N/A,13009100,247000,ACCUMULATION CONFIRMED,RECORDED,3,1/1,1085,2026-09-28,218.45,25.2092,RISEN,CORPORATE ACTION STATUS UNKNOWN (no heuristic flag)
2026-04-15,PRESTIGE,Prestige Estates Projects Limited,1342.4,N/A,54.14,N/A,N/A,6931800,78300,ACCUMULATION CONFIRMED,RECORDED,2,1/1,1470.8,2026-09-28,128.40,9.5650,RISEN,CORPORATE ACTION STATUS UNKNOWN (no heuristic flag)
2026-04-15,SHREECEM,SHREE CEMENT LIMITED,24965,N/A,65.49,N/A,N/A,367150,900,ACCUMULATION CONFIRMED,RECORDED,1,1/1,22170,2026-09-28,-2795.00,-11.1957,FALLEN,CORPORATE ACTION STATUS UNKNOWN (no heuristic flag)
2026-04-15,UNOMINDA,UNO Minda Limited,1100.1,N/A,58.56,N/A,N/A,4750350,48950,ACCUMULATION CONFIRMED,RECORDED,5,1/1,1173,2026-09-28,72.90,6.6267,RISEN,CORPORATE ACTION STATUS UNKNOWN (no heuristic flag)
2026-04-15,WIPRO,Wipro Limited,209.75,N/A,57.64,N/A,N/A,217323000,1464000,ACCUMULATION CONFIRMED,RECORDED,3,1/1,161.56,2026-09-28,-48.19,-22.9750,FALLEN,CORPORATE ACTION STATUS UNKNOWN (no heuristic flag)
2026-04-16,BAJAJHLDNG,Bajaj Holdings & Investment Limited,10205,N/A,48.97,N/A,N/A,261500,7950,ACCUMULATION CONFIRMED,RECORDED,1,1/1,10800,2026-09-28,595.00,5.8305,RISEN,CORPORATE ACTION STATUS UNKNOWN (no heuristic flag)
2026-04-16,BHEL,Bharat Heavy Electricals Limited,309.26,N/A,45.39,N/A,N/A,96017250,3223500,ACCUMULATION CONFIRMED,RECORDED,0,1/1,411.9,2026-09-28,102.64,33.1889,RISEN,CORPORATE ACTION STATUS UNKNOWN (no heuristic flag)
2026-04-16,LTM,LTM Limited,4730,N/A,45.2,N/A,N/A,4107600,64500,ACCUMULATION CONFIRMED,RECORDED,1,2/2,4091.4,2026-09-28,-638.60,-13.5011,FALLEN,CORPORATE ACTION STATUS UNKNOWN (no heuristic flag)
2026-04-16,POLICYBZR,PB Fintech Limited,1550.5,N/A,58.42,N/A,N/A,8939000,361900,ACCUMULATION CONFIRMED,RECORDED,1,1/1,1151.3,2026-09-28,-399.20,-25.7465,FALLEN,SUSPECTED discontinuity (heuristic ≥20% 1-day move): 2026-09-24 (-36.0%) — CORPORATE ACTION STATUS UNKNOWN
2026-04-17,360ONE,360 ONE WAM LIMITED,1113.3,N/A,56.2,N/A,N/A,5379500,235500,ACCUMULATION CONFIRMED,RECORDED,3,1/1,1045,2026-09-28,-68.30,-6.1349,FALLEN,CORPORATE ACTION STATUS UNKNOWN (no heuristic flag)
2026-04-17,ADANIENSOL,Adani Energy Solutions Limited,1259.8,N/A,53.43,N/A,N/A,19971225,1577475,ACCUMULATION CONFIRMED,RECORDED,0,1/1,1287.9,2026-09-28,28.10,2.2305,RISEN,CORPORATE ACTION STATUS UNKNOWN (no heuristic flag)
2026-04-17,ASTRAL,Astral Limited,1605,N/A,53.08,N/A,N/A,10654325,189125,ACCUMULATION CONFIRMED,RECORDED,5,1/1,1370.5,2026-09-28,-234.50,-14.6106,FALLEN,CORPORATE ACTION STATUS UNKNOWN (no heuristic flag)
2026-04-17,CIPLA,Cipla Limited,1240.8,N/A,71.99,N/A,N/A,14026500,49125,ACCUMULATION CONFIRMED,RECORDED,5,1/1,1383.7,2026-09-28,142.90,11.5168,RISEN,CORPORATE ACTION STATUS UNKNOWN (no heuristic flag)
2026-04-17,DRREDDY,Dr. Reddy's Laboratories Limited,1235.7,N/A,68.56,N/A,N/A,12841250,99375,ACCUMULATION CONFIRMED,RECORDED,1,1/1,1221,2026-09-28,-14.70,-1.1896,FALLEN,CORPORATE ACTION STATUS UNKNOWN (no heuristic flag)
2026-04-17,HDFCAMC,HDFC Asset Management Company Limited,2792.4,N/A,49.23,N/A,N/A,5465100,16500,ACCUMULATION CONFIRMED,RECORDED,4,1/1,2302.3,2026-09-28,-490.10,-17.5512,FALLEN,CORPORATE ACTION STATUS UNKNOWN (no heuristic flag)
2026-04-17,HYUNDAI,Hyundai Motor India Limited,1902.8,N/A,48.58,N/A,N/A,6307400,128700,ACCUMULATION CONFIRMED,RECORDED,0,1/1,2050.7,2026-09-28,147.90,7.7728,RISEN,CORPORATE ACTION STATUS UNKNOWN (no heuristic flag)
2026-04-17,ICICIPRULI,ICICI Prudential Life Insurance Company Limited,562,N/A,63.92,N/A,N/A,19761700,674325,ACCUMULATION CONFIRMED,RECORDED,6,1/1,458.7,2026-09-28,-103.30,-18.3808,FALLEN,CORPORATE ACTION STATUS UNKNOWN (no heuristic flag)
2026-04-17,JIOFIN,Jio Financial Services Limited,243.86,N/A,62.37,N/A,N/A,132995900,7336700,ACCUMULATION CONFIRMED,RECORDED,2,1/1,220.5,2026-09-28,-23.36,-9.5793,FALLEN,CORPORATE ACTION STATUS UNKNOWN (no heuristic flag)
2026-04-17,NAM-INDIA,Nippon Life India Asset Management Limited,1015.05,N/A,54.94,N/A,N/A,2913750,514375,ACCUMULATION CONFIRMED,RECORDED,3,1/1,1093.9,2026-09-28,78.85,7.7681,RISEN,CORPORATE ACTION STATUS UNKNOWN (no heuristic flag)
2026-04-17,NHPC,NHPC Limited,83.56,N/A,59.75,N/A,N/A,79686400,7123200,ACCUMULATION CONFIRMED,RECORDED,1,1/1,74.5,2026-09-28,-9.06,-10.8425,FALLEN,CORPORATE ACTION STATUS UNKNOWN (no heuristic flag)
2026-04-17,PATANJALI,Patanjali Foods Limited,468.3,N/A,51.62,N/A,N/A,34015500,221400,ACCUMULATION CONFIRMED,RECORDED,3,1/1,390.8,2026-09-28,-77.50,-16.5492,FALLEN,CORPORATE ACTION STATUS UNKNOWN (no heuristic flag)
2026-04-17,PIIND,PI Industries Limited,3139.7,N/A,48.84,N/A,N/A,2497250,54775,ACCUMULATION CONFIRMED,RECORDED,2,1/1,2349,2026-09-28,-790.70,-25.1839,FALLEN,CORPORATE ACTION STATUS UNKNOWN (no heuristic flag)
2026-04-17,PREMIERENE,Premier Energies Limited,1034.6,N/A,62.13,N/A,N/A,11199850,1265000,ACCUMULATION CONFIRMED,RECORDED,1,1/1,906,2026-09-28,-128.60,-12.4299,FALLEN,CORPORATE ACTION STATUS UNKNOWN (no heuristic flag)
2026-04-17,SUPREMEIND,Supreme Industries Limited,3709,N/A,55.64,N/A,N/A,2090550,26600,ACCUMULATION CONFIRMED,RECORDED,3,1/1,3499.8,2026-09-28,-209.20,-5.6403,FALLEN,CORPORATE ACTION STATUS UNKNOWN (no heuristic flag)
2026-04-17,VMM,Vishal Mega Mart Limited,118.95,N/A,69.19,N/A,N/A,26738050,3996400,ACCUMULATION CONFIRMED,RECORDED,0,1/1,100.81,2026-09-28,-18.14,-15.2501,FALLEN,CORPORATE ACTION STATUS UNKNOWN (no heuristic flag)
2026-04-20,OFSS,Oracle Financial Services Software Limited,8082.5,N/A,48.65,N/A,N/A,1420500,74175,ACCUMULATION CONFIRMED,RECORDED,0,1/1,10800,2026-09-28,2717.50,33.6220,RISEN,CORPORATE ACTION STATUS UNKNOWN (no heuristic flag)
2026-04-21,HINDUNILVR,Hindustan Unilever Limited,2310.7,N/A,62.26,N/A,N/A,17324100,405900,ACCUMULATION CONFIRMED,RECORDED,3,1/1,1896,2026-09-28,-414.70,-17.9469,FALLEN,CORPORATE ACTION STATUS UNKNOWN (no heuristic flag)
2026-04-21,NAM-INDIA,Nippon Life India Asset Management Limited,1055.35,N/A,49.09,N/A,N/A,3012500,34375,ACCUMULATION CONFIRMED,RECORDED,4,1/1,1093.9,2026-09-28,38.55,3.6528,RISEN,CORPORATE ACTION STATUS UNKNOWN (no heuristic flag)
2026-04-21,PHOENIXLTD,The Phoenix Mills Limited,1807,N/A,49.04,N/A,N/A,3489850,38850,ACCUMULATION CONFIRMED,RECORDED,5,1/1,1952.2,2026-09-28,145.20,8.0354,RISEN,CORPORATE ACTION STATUS UNKNOWN (no heuristic flag)
2026-04-29,LICHSGFIN,LIC Housing Finance Limited,562.15,N/A,57.86,N/A,N/A,29218000,173000,ACCUMULATION CONFIRMED,RECORDED,2,1/1,564.15,2026-09-28,2.00,0.3558,RISEN,CORPORATE ACTION STATUS UNKNOWN (no heuristic flag)
2026-04-29,SUNPHARMA,Sun Pharmaceutical Industries Limited,1778.7,N/A,75.46,N/A,N/A,25634700,658700,ACCUMULATION CONFIRMED,RECORDED,5,1/1,1838,2026-09-28,59.30,3.3339,RISEN,CORPORATE ACTION STATUS UNKNOWN (no heuristic flag)
2026-04-30,CHOLAFIN,Cholamandalam Investment and Finance Company Limited,1562.9,N/A,49.44,N/A,N/A,18895625,1586875,ACCUMULATION CONFIRMED,RECORDED,3,1/1,1634.2,2026-09-28,71.30,4.5620,RISEN,CORPORATE ACTION STATUS UNKNOWN (no heuristic flag)
2026-04-30,KOTAKBANK,Kotak Mahindra Bank Limited,383.3,N/A,64.9,N/A,N/A,203606000,6926000,ACCUMULATION CONFIRMED,RECORDED,1,1/1,401.55,2026-09-28,18.25,4.7613,RISEN,CORPORATE ACTION STATUS UNKNOWN (no heuristic flag)
2026-05-04,360ONE,360 ONE WAM LIMITED,1066.5,N/A,49.94,N/A,N/A,4129000,122500,ACCUMULATION CONFIRMED,RECORDED,4,1/1,1045,2026-09-28,-21.50,-2.0159,FALLEN,CORPORATE ACTION STATUS UNKNOWN (no heuristic flag)
2026-05-04,BAJAJFINSV,Bajaj Finserv Limited,1770.4,N/A,53.78,N/A,N/A,10593500,299500,ACCUMULATION CONFIRMED,RECORDED,2,1/1,1752,2026-09-28,-18.40,-1.0393,FALLEN,CORPORATE ACTION STATUS UNKNOWN (no heuristic flag)
2026-05-04,GMRAIRPORT,GMR AIRPORTS LIMITED,98.9,N/A,50.37,N/A,N/A,126986850,104625,ACCUMULATION CONFIRMED,RECORDED,5,1/1,94.75,2026-09-28,-4.15,-4.1962,FALLEN,CORPORATE ACTION STATUS UNKNOWN (no heuristic flag)
2026-05-04,KEI,KEI Industries Limited,5058.3,N/A,46.85,N/A,N/A,1660050,36225,ACCUMULATION CONFIRMED,RECORDED,3,1/1,4516,2026-09-28,-542.30,-10.7210,FALLEN,CORPORATE ACTION STATUS UNKNOWN (no heuristic flag)
2026-05-04,LAURUSLABS,Laurus Labs Limited,1166.4,N/A,46.55,N/A,N/A,18000450,116450,ACCUMULATION CONFIRMED,RECORDED,2,1/1,2010.7,2026-09-28,844.30,72.3851,RISEN,CORPORATE ACTION STATUS UNKNOWN (no heuristic flag)
2026-05-05,GLENMARK,Glenmark Pharmaceuticals Limited,2417.9,N/A,52.27,N/A,N/A,11182500,9750,ACCUMULATION CONFIRMED,RECORDED,3,1/1,2325.7,2026-09-28,-92.20,-3.8132,FALLEN,CORPORATE ACTION STATUS UNKNOWN (no heuristic flag)
2026-05-05,NUVAMA,Nuvama Wealth Management Limited,1351.1,N/A,58.32,N/A,N/A,1263500,52500,ACCUMULATION CONFIRMED,RECORDED,2,1/1,1640.6,2026-09-28,289.50,21.4270,RISEN,CORPORATE ACTION STATUS UNKNOWN (no heuristic flag)
2026-05-06,360ONE,360 ONE WAM LIMITED,1084.1,N/A,68.22,N/A,N/A,5074000,459000,ACCUMULATION CONFIRMED,RECORDED,5,1/1,1045,2026-09-28,-39.10,-3.6067,FALLEN,CORPORATE ACTION STATUS UNKNOWN (no heuristic flag)
2026-05-06,BANKBARODA,Bank of Baroda,270.3,N/A,52.4,N/A,N/A,105516450,169650,ACCUMULATION CONFIRMED,RECORDED,2,1/1,227.5,2026-09-28,-42.80,-15.8343,FALLEN,CORPORATE ACTION STATUS UNKNOWN (no heuristic flag)
2026-05-06,HDFCLIFE,HDFC Life Insurance Company Limited,606.35,N/A,66.78,N/A,N/A,47158100,7262200,ACCUMULATION CONFIRMED,RECORDED,4,1/2,531.6,2026-09-28,-74.75,-12.3279,FALLEN,CORPORATE ACTION STATUS UNKNOWN (no heuristic flag)
2026-05-06,HINDPETRO,Hindustan Petroleum Corporation Limited,399.2,N/A,45.02,N/A,N/A,38065950,771525,ACCUMULATION CONFIRMED,RECORDED,3,1/1,342.45,2026-09-28,-56.75,-14.2159,FALLEN,CORPORATE ACTION STATUS UNKNOWN (no heuristic flag)
2026-05-06,HINDZINC,Hindustan Zinc Limited,634.6,N/A,47.69,N/A,N/A,34836550,1385475,ACCUMULATION CONFIRMED,RECORDED,0,1/1,573,2026-09-28,-61.60,-9.7069,FALLEN,CORPORATE ACTION STATUS UNKNOWN (no heuristic flag)
2026-05-06,IDFCFIRSTB,IDFC First Bank Limited,69.59,N/A,55.35,N/A,N/A,373300200,7837375,ACCUMULATION CONFIRMED,RECORDED,1,1/1,80.55,2026-09-28,10.96,15.7494,RISEN,CORPORATE ACTION STATUS UNKNOWN (no heuristic flag)
2026-05-06,LAURUSLABS,Laurus Labs Limited,1177.6,N/A,47.2,N/A,N/A,19695350,640050,ACCUMULATION CONFIRMED,RECORDED,3,1/2,2010.7,2026-09-28,833.10,70.7456,RISEN,CORPORATE ACTION STATUS UNKNOWN (no heuristic flag)
2026-05-06,LUPIN,Lupin Limited,2442.9,N/A,48.31,N/A,N/A,7273875,327675,ACCUMULATION CONFIRMED,RECORDED,4,1/1,2062,2026-09-28,-380.90,-15.5921,FALLEN,CORPORATE ACTION STATUS UNKNOWN (no heuristic flag)
2026-05-06,POLYCAB,Polycab India Limited,8415.5,N/A,46.19,N/A,N/A,2023125,72500,ACCUMULATION CONFIRMED,RECORDED,2,1/1,8191,2026-09-28,-224.50,-2.6677,FALLEN,CORPORATE ACTION STATUS UNKNOWN (no heuristic flag)
2026-05-06,SBICARD,SBI Cards and Payment Services Limited,649.65,N/A,63.88,N/A,N/A,22954400,32800,ACCUMULATION CONFIRMED,RECORDED,0,1/1,591,2026-09-28,-58.65,-9.0279,FALLEN,CORPORATE ACTION STATUS UNKNOWN (no heuristic flag)
2026-05-06,SHREECEM,SHREE CEMENT LIMITED,24975,N/A,57.01,N/A,N/A,440600,22575,ACCUMULATION CONFIRMED,RECORDED,2,1/1,22170,2026-09-28,-2805.00,-11.2312,FALLEN,CORPORATE ACTION STATUS UNKNOWN (no heuristic flag)
2026-05-07,GMRAIRPORT,GMR AIRPORTS LIMITED,100.66,N/A,51.59,N/A,N/A,132364575,439425,ACCUMULATION CONFIRMED,RECORDED,6,1/1,94.75,2026-09-28,-5.91,-5.8712,FALLEN,CORPORATE ACTION STATUS UNKNOWN (no heuristic flag)
2026-05-07,HDFCLIFE,HDFC Life Insurance Company Limited,625.4,N/A,54.48,N/A,N/A,50521900,3363800,ACCUMULATION CONFIRMED,RECORDED,4,2/2,531.6,2026-09-28,-93.80,-14.9984,FALLEN,CORPORATE ACTION STATUS UNKNOWN (no heuristic flag)
2026-05-07,LAURUSLABS,Laurus Labs Limited,1206.5,N/A,45.57,N/A,N/A,19877250,181900,ACCUMULATION CONFIRMED,RECORDED,3,2/2,2010.7,2026-09-28,804.20,66.6556,RISEN,CORPORATE ACTION STATUS UNKNOWN (no heuristic flag)
2026-05-07,MARUTI,Maruti Suzuki India Limited,13770,N/A,48.85,N/A,N/A,2550650,23650,ACCUMULATION CONFIRMED,RECORDED,1,1/1,12008,2026-09-28,-1762.00,-12.7959,FALLEN,CORPORATE ACTION STATUS UNKNOWN (no heuristic flag)
2026-05-07,NUVAMA,Nuvama Wealth Management Limited,1474.5,N/A,45.18,N/A,N/A,1262000,19000,ACCUMULATION CONFIRMED,RECORDED,3,1/1,1640.6,2026-09-28,166.10,11.2648,RISEN,CORPORATE ACTION STATUS UNKNOWN (no heuristic flag)
2026-05-07,PIDILITIND,Pidilite Industries Limited,1450.4,N/A,46.73,N/A,N/A,7809000,184000,ACCUMULATION CONFIRMED,RECORDED,5,1/1,1503,2026-09-28,52.60,3.6266,RISEN,CORPORATE ACTION STATUS UNKNOWN (no heuristic flag)
2026-05-08,FORTIS,Fortis Healthcare Limited,952.35,N/A,53.27,N/A,N/A,7612050,139500,ACCUMULATION CONFIRMED,RECORDED,1,1/1,830.75,2026-09-28,-121.60,-12.7684,FALLEN,CORPORATE ACTION STATUS UNKNOWN (no heuristic flag)
2026-05-08,TATACONSUM,TATA CONSUMER PRODUCTS LIMITED,1176.2,N/A,48.02,N/A,N/A,9281250,292600,ACCUMULATION CONFIRMED,RECORDED,5,1/1,960,2026-09-28,-216.20,-18.3812,FALLEN,CORPORATE ACTION STATUS UNKNOWN (no heuristic flag)
2026-05-11,BIOCON,Biocon Limited,390.45,N/A,46.83,N/A,N/A,31352500,2050000,ACCUMULATION CONFIRMED,RECORDED,7,1/1,374.9,2026-09-28,-15.55,-3.9826,FALLEN,CORPORATE ACTION STATUS UNKNOWN (no heuristic flag)
2026-05-11,MANKIND,Mankind Pharma Limited,2468.8,N/A,49.77,N/A,N/A,3910275,178200,ACCUMULATION CONFIRMED,RECORDED,5,1/1,2435.6,2026-09-28,-33.20,-1.3448,FALLEN,CORPORATE ACTION STATUS UNKNOWN (no heuristic flag)
2026-05-11,SONACOMS,Sona BLW Precision Forgings Limited,593.55,N/A,54.7,N/A,N/A,16042600,676200,ACCUMULATION CONFIRMED,RECORDED,5,1/1,807.9,2026-09-28,214.35,36.1132,RISEN,CORPORATE ACTION STATUS UNKNOWN (no heuristic flag)
2026-05-12,VEDL,Vedanta Limited,305.05,N/A,46.53,N/A,N/A,30437050,2961250,ACCUMULATION CONFIRMED,RECORDED,2,1/1,259,2026-09-28,-46.05,-15.0959,FALLEN,CORPORATE ACTION STATUS UNKNOWN (no heuristic flag)
2026-05-13,AUROPHARMA,Aurobindo Pharma Limited,1497.5,N/A,66.43,N/A,N/A,18476700,60500,ACCUMULATION CONFIRMED,RECORDED,4,1/1,1697.5,2026-09-28,200.00,13.3556,RISEN,CORPORATE ACTION STATUS UNKNOWN (no heuristic flag)
2026-05-13,DIVISLAB,Divi's Laboratories Limited,6796,N/A,59.92,N/A,N/A,2112700,30800,ACCUMULATION CONFIRMED,RECORDED,3,1/1,9550,2026-09-28,2754.00,40.5238,RISEN,CORPORATE ACTION STATUS UNKNOWN (no heuristic flag)
2026-05-13,GRASIM,Grasim Industries Limited,2945.6,N/A,58.08,N/A,N/A,14795500,272000,ACCUMULATION CONFIRMED,RECORDED,3,1/1,3150,2026-09-28,204.40,6.9392,RISEN,CORPORATE ACTION STATUS UNKNOWN (no heuristic flag)
2026-05-13,LICHSGFIN,LIC Housing Finance Limited,585.65,N/A,51.74,N/A,N/A,33911000,2333000,ACCUMULATION CONFIRMED,RECORDED,3,1/1,564.15,2026-09-28,-21.50,-3.6711,FALLEN,CORPORATE ACTION STATUS UNKNOWN (no heuristic flag)
2026-05-13,MUTHOOTFIN,Muthoot Finance Limited,3506.4,N/A,48.17,N/A,N/A,3655850,48400,ACCUMULATION CONFIRMED,RECORDED,2,1/1,2760,2026-09-28,-746.40,-21.2868,FALLEN,CORPORATE ACTION STATUS UNKNOWN (no heuristic flag)
2026-05-13,NMDC,NMDC Limited,91.11,N/A,45.52,N/A,N/A,318323250,4725000,ACCUMULATION CONFIRMED,RECORDED,5,1/1,77.43,2026-09-28,-13.68,-15.0148,FALLEN,CORPORATE ACTION STATUS UNKNOWN (no heuristic flag)
2026-05-13,PATANJALI,Patanjali Foods Limited,446.65,N/A,49.6,N/A,N/A,32935500,369900,ACCUMULATION CONFIRMED,RECORDED,4,1/1,390.8,2026-09-28,-55.85,-12.5042,FALLEN,CORPORATE ACTION STATUS UNKNOWN (no heuristic flag)
2026-05-14,BIOCON,Biocon Limited,419,N/A,54.65,N/A,N/A,34527500,1185000,ACCUMULATION CONFIRMED,RECORDED,8,1/1,374.9,2026-09-28,-44.10,-10.5251,FALLEN,CORPORATE ACTION STATUS UNKNOWN (no heuristic flag)
2026-05-14,IDFCFIRSTB,IDFC First Bank Limited,68.54,N/A,53.79,N/A,N/A,387073575,259700,ACCUMULATION CONFIRMED,RECORDED,2,1/1,80.55,2026-09-28,12.01,17.5226,RISEN,CORPORATE ACTION STATUS UNKNOWN (no heuristic flag)
2026-05-14,NYKAA,FSN E-Commerce Ventures Limited,273,N/A,46.58,N/A,N/A,48778125,412500,ACCUMULATION CONFIRMED,RECORDED,2,1/1,325.5,2026-09-28,52.50,19.2308,RISEN,CORPORATE ACTION STATUS UNKNOWN (no heuristic flag)
2026-05-15,DELHIVERY,Delhivery Limited,475.75,N/A,47.27,N/A,N/A,28624625,852825,ACCUMULATION CONFIRMED,RECORDED,9,1/1,407.5,2026-09-28,-68.25,-14.3458,FALLEN,CORPORATE ACTION STATUS UNKNOWN (no heuristic flag)
2026-05-15,MANKIND,Mankind Pharma Limited,2503,N/A,50.12,N/A,N/A,4257900,147375,ACCUMULATION CONFIRMED,RECORDED,6,1/1,2435.6,2026-09-28,-67.40,-2.6928,FALLEN,CORPORATE ACTION STATUS UNKNOWN (no heuristic flag)
2026-05-18,POLICYBZR,PB Fintech Limited,1748.3,N/A,53.02,N/A,N/A,7195650,257250,ACCUMULATION CONFIRMED,RECORDED,2,1/3,1151.3,2026-09-28,-597.00,-34.1475,FALLEN,SUSPECTED discontinuity (heuristic ≥20% 1-day move): 2026-09-24 (-36.0%) — CORPORATE ACTION STATUS UNKNOWN
2026-05-19,INFY,Infosys Limited,1196.9,N/A,68.69,N/A,N/A,78787200,3406800,ACCUMULATION CONFIRMED,RECORDED,2,1/1,1003.2,2026-09-28,-193.70,-16.1835,FALLEN,CORPORATE ACTION STATUS UNKNOWN (no heuristic flag)
2026-05-19,MOTHERSON,Samvardhana Motherson International Limited,131.49,N/A,52.05,N/A,N/A,147077250,4581750,ACCUMULATION CONFIRMED,RECORDED,4,1/1,162.37,2026-09-28,30.88,23.4847,RISEN,CORPORATE ACTION STATUS UNKNOWN (no heuristic flag)
2026-05-19,POLICYBZR,PB Fintech Limited,1804.8,N/A,64.22,N/A,N/A,7235200,39550,ACCUMULATION CONFIRMED,DERIVED ,2,2/3,1151.3,2026-09-28,-653.50,-36.2090,FALLEN,SUSPECTED discontinuity (heuristic ≥20% 1-day move): 2026-09-24 (-36.0%) — CORPORATE ACTION STATUS UNKNOWN
2026-05-19,TCS,Tata Consultancy Services Limited,2327.1,N/A,53.12,N/A,N/A,38099425,48475,ACCUMULATION CONFIRMED,RECORDED,2,1/1,2070.7,2026-09-28,-256.40,-11.0180,FALLEN,CORPORATE ACTION STATUS UNKNOWN (no heuristic flag)
2026-05-19,TECHM,Tech Mahindra Limited,1467.1,N/A,52.96,N/A,N/A,18934200,420600,ACCUMULATION CONFIRMED,RECORDED,6,1/1,1542.2,2026-09-28,75.10,5.1189,RISEN,CORPORATE ACTION STATUS UNKNOWN (no heuristic flag)
2026-05-20,ABCAPITAL,Aditya Birla Capital Limited,353.1,N/A,57.4,N/A,N/A,48170900,1019900,ACCUMULATION CONFIRMED,RECORDED,1,1/1,382.7,2026-09-28,29.60,8.3829,RISEN,CORPORATE ACTION STATUS UNKNOWN (no heuristic flag)
2026-05-20,POLICYBZR,PB Fintech Limited,1830,N/A,68.14,N/A,N/A,7639800,404600,ACCUMULATION CONFIRMED,RECORDED,2,3/3,1151.3,2026-09-28,-678.70,-37.0874,FALLEN,SUSPECTED discontinuity (heuristic ≥20% 1-day move): 2026-09-24 (-36.0%) — CORPORATE ACTION STATUS UNKNOWN
2026-05-20,TIINDIA,Tube Investments of India Limited,2970.9,N/A,57.29,N/A,N/A,2228400,3600,ACCUMULATION CONFIRMED,RECORDED,2,1/1,2459,2026-09-28,-511.90,-17.2305,FALLEN,CORPORATE ACTION STATUS UNKNOWN (no heuristic flag)
2026-05-27,GVT&D,GE Vernova T&D India Limited,5097.7,N/A,49.68,N/A,N/A,115875,115875,ACCUMULATION CONFIRMED,RECORDED,0,1/2,4203,2026-09-28,-894.70,-17.5511,FALLEN,CORPORATE ACTION STATUS UNKNOWN (no heuristic flag)
2026-05-27,HAVELLS,Havells India Limited,1211,N/A,65.94,N/A,N/A,9778000,303500,ACCUMULATION CONFIRMED,RECORDED,3,1/1,1085,2026-09-28,-126.00,-10.4046,FALLEN,CORPORATE ACTION STATUS UNKNOWN (no heuristic flag)
2026-05-27,JSWENERGY,JSW Energy Limited,602.05,N/A,45.54,N/A,N/A,23832000,1942000,ACCUMULATION CONFIRMED,RECORDED,0,1/1,495,2026-09-28,-107.05,-17.7809,FALLEN,CORPORATE ACTION STATUS UNKNOWN (no heuristic flag)
2026-05-27,MOTHERSON,Samvardhana Motherson International Limited,142.41,N/A,59.44,N/A,N/A,147809100,1205400,ACCUMULATION CONFIRMED,RECORDED,5,1/2,162.37,2026-09-28,19.96,14.0159,RISEN,CORPORATE ACTION STATUS UNKNOWN (no heuristic flag)
2026-05-27,SUZLON,Suzlon Energy Limited,57.53,N/A,45.2,N/A,N/A,317535600,279775,ACCUMULATION CONFIRMED,RECORDED,0,1/1,39.66,2026-09-28,-17.87,-31.0621,FALLEN,CORPORATE ACTION STATUS UNKNOWN (no heuristic flag)
2026-05-29,ALKEM,Alkem Laboratories Limited,5498,N/A,49.17,N/A,N/A,1281625,36125,ACCUMULATION CONFIRMED,RECORDED,5,1/1,5175,2026-09-28,-323.00,-5.8749,FALLEN,CORPORATE ACTION STATUS UNKNOWN (no heuristic flag)
2026-05-29,BHARATFORG,Bharat Forge Limited,1957.2,N/A,67.72,N/A,N/A,6896000,15500,ACCUMULATION CONFIRMED,RECORDED,3,1/1,1957,2026-09-28,-0.20,-0.0102,FALLEN,CORPORATE ACTION STATUS UNKNOWN (no heuristic flag)
2026-05-29,GMRAIRPORT,GMR AIRPORTS LIMITED,100.37,N/A,48.64,N/A,N/A,122299650,4819725,ACCUMULATION CONFIRMED,RECORDED,7,1/1,94.75,2026-09-28,-5.62,-5.5993,FALLEN,CORPORATE ACTION STATUS UNKNOWN (no heuristic flag)
2026-05-29,GVT&D,GE Vernova T&D India Limited,5148.6,N/A,63.19,N/A,N/A,180125,64250,ACCUMULATION CONFIRMED,RECORDED,0,2/2,4203,2026-09-28,-945.60,-18.3662,FALLEN,CORPORATE ACTION STATUS UNKNOWN (no heuristic flag)
2026-05-29,HCLTECH,HCL Technologies Limited,1183.8,N/A,56.34,N/A,N/A,39912250,789600,ACCUMULATION CONFIRMED,RECORDED,4,1/1,1252.6,2026-09-28,68.80,5.8118,RISEN,CORPORATE ACTION STATUS UNKNOWN (no heuristic flag)
2026-05-29,IREDA,Indian Renewable Energy Development Agency Limited,133.25,N/A,60.01,N/A,N/A,52788450,9880800,ACCUMULATION CONFIRMED,RECORDED,0,1/1,114.82,2026-09-28,-18.43,-13.8311,FALLEN,CORPORATE ACTION STATUS UNKNOWN (no heuristic flag)
2026-05-29,LTF,L&T Finance Limited,286.6,N/A,53.67,N/A,N/A,42819750,2074500,ACCUMULATION CONFIRMED,RECORDED,1,1/1,280.85,2026-09-28,-5.75,-2.0063,FALLEN,CORPORATE ACTION STATUS UNKNOWN (no heuristic flag)
2026-05-29,MOTHERSON,Samvardhana Motherson International Limited,145.74,N/A,63.54,N/A,N/A,148282650,473550,ACCUMULATION CONFIRMED,RECORDED,5,2/2,162.37,2026-09-28,16.63,11.4107,RISEN,CORPORATE ACTION STATUS UNKNOWN (no heuristic flag)
2026-05-29,MPHASIS,MphasiS Limited,2271.4,N/A,55.44,N/A,N/A,4239125,41525,ACCUMULATION CONFIRMED,RECORDED,1,1/1,2237.5,2026-09-28,-33.90,-1.4925,FALLEN,CORPORATE ACTION STATUS UNKNOWN (no heuristic flag)
2026-05-29,MUTHOOTFIN,Muthoot Finance Limited,3342.9,N/A,60.19,N/A,N/A,3903350,235400,ACCUMULATION CONFIRMED,RECORDED,3,1/1,2760,2026-09-28,-582.90,-17.4370,FALLEN,CORPORATE ACTION STATUS UNKNOWN (no heuristic flag)
2026-05-29,OBEROIRLTY,Oberoi Realty Limited,1707.1,N/A,60.63,N/A,N/A,6371750,164500,ACCUMULATION CONFIRMED,RECORDED,0,1/1,1830,2026-09-28,122.90,7.1993,RISEN,CORPORATE ACTION STATUS UNKNOWN (no heuristic flag)
2026-05-29,RADICO,Radico Khaitan Limited,3518.6,N/A,53.51,N/A,N/A,108150,52200,ACCUMULATION CONFIRMED,RECORDED,0,1/1,4478.3,2026-09-28,959.70,27.2751,RISEN,CORPORATE ACTION STATUS UNKNOWN (no heuristic flag)
2026-05-29,TECHM,Tech Mahindra Limited,1483.9,N/A,60.49,N/A,N/A,19700400,882000,ACCUMULATION CONFIRMED,RECORDED,7,1/1,1542.2,2026-09-28,58.30,3.9288,RISEN,CORPORATE ACTION STATUS UNKNOWN (no heuristic flag)
2026-05-29,YESBANK,Yes Bank Limited,23.15,N/A,56.11,N/A,N/A,1204845100,56011100,ACCUMULATION CONFIRMED,RECORDED,2,1/1,21.18,2026-09-28,-1.97,-8.5097,FALLEN,CORPORATE ACTION STATUS UNKNOWN (no heuristic flag)
2026-06-01,COALINDIA,Coal India Limited,472.6,N/A,54.39,N/A,N/A,73993500,5904900,ACCUMULATION CONFIRMED,RECORDED,3,1/1,422.5,2026-09-28,-50.10,-10.6009,FALLEN,CORPORATE ACTION STATUS UNKNOWN (no heuristic flag)
2026-06-01,COFORGE,Coforge Limited,1461.2,N/A,45.35,N/A,N/A,15570000,367500,ACCUMULATION CONFIRMED,RECORDED,0,1/2,1773,2026-09-28,311.80,21.3386,RISEN,CORPORATE ACTION STATUS UNKNOWN (no heuristic flag)
2026-06-02,COFORGE,Coforge Limited,1519.5,N/A,47.33,N/A,N/A,15613875,43875,ACCUMULATION CONFIRMED,RECORDED,0,2/2,1773,2026-09-28,253.50,16.6831,RISEN,CORPORATE ACTION STATUS UNKNOWN (no heuristic flag)
2026-06-02,CUMMINSIND,Cummins India Limited,5708,N/A,56.13,N/A,N/A,3589800,238800,ACCUMULATION CONFIRMED,RECORDED,3,1/1,4855,2026-09-28,-853.00,-14.9439,FALLEN,CORPORATE ACTION STATUS UNKNOWN (no heuristic flag)
2026-06-02,GVT&D,GE Vernova T&D India Limited,4781,N/A,51.06,N/A,N/A,420000,201500,ACCUMULATION CONFIRMED,RECORDED,1,1/1,4203,2026-09-28,-578.00,-12.0895,FALLEN,CORPORATE ACTION STATUS UNKNOWN (no heuristic flag)
2026-06-02,VBL,Varun Beverages Limited,537,N/A,60.13,N/A,N/A,47860875,3474000,ACCUMULATION CONFIRMED,RECORDED,1,1/1,430,2026-09-28,-107.00,-19.9255,FALLEN,CORPORATE ACTION STATUS UNKNOWN (no heuristic flag)
2026-06-02,WIPRO,Wipro Limited,209.84,N/A,50.86,N/A,N/A,251568000,2595000,ACCUMULATION CONFIRMED,RECORDED,4,1/1,161.56,2026-09-28,-48.28,-23.0080,FALLEN,CORPORATE ACTION STATUS UNKNOWN (no heuristic flag)
2026-06-03,CANBK,Canara Bank,131.85,N/A,50.67,N/A,N/A,275980500,11954250,ACCUMULATION CONFIRMED,RECORDED,1,1/1,120.65,2026-09-28,-11.20,-8.4945,FALLEN,CORPORATE ACTION STATUS UNKNOWN (no heuristic flag)
2026-06-03,SBIN,State Bank of India,970.45,N/A,51.31,N/A,N/A,94294500,1825500,ACCUMULATION CONFIRMED,RECORDED,6,1/1,962,2026-09-28,-8.45,-0.8707,FALLEN,CORPORATE ACTION STATUS UNKNOWN (no heuristic flag)
2026-06-05,ETERNAL,ETERNAL LIMITED,256.5,N/A,47.91,N/A,N/A,222423425,8492350,ACCUMULATION CONFIRMED,RECORDED,3,1/1,330.95,2026-09-28,74.45,29.0253,RISEN,CORPORATE ACTION STATUS UNKNOWN (no heuristic flag)
2026-06-05,PFC,Power Finance Corporation Limited,431.75,N/A,45.14,N/A,N/A,50935300,822900,ACCUMULATION CONFIRMED,RECORDED,3,1/1,330,2026-09-28,-101.75,-23.5669,FALLEN,CORPORATE ACTION STATUS UNKNOWN (no heuristic flag)
2026-06-05,VMM,Vishal Mega Mart Limited,118.73,N/A,59.11,N/A,N/A,34202200,1561700,ACCUMULATION CONFIRMED,RECORDED,1,1/1,100.81,2026-09-28,-17.92,-15.0931,FALLEN,CORPORATE ACTION STATUS UNKNOWN (no heuristic flag)
2026-06-09,APOLLOHOSP,Apollo Hospitals Enterprise Limited,8524,N/A,69.87,N/A,N/A,1935000,223250,ACCUMULATION CONFIRMED,RECORDED,2,1/1,8860,2026-09-28,336.00,3.9418,RISEN,CORPORATE ACTION STATUS UNKNOWN (no heuristic flag)
2026-06-09,BANKBARODA,Bank of Baroda,273.75,N/A,54.1,N/A,N/A,128316825,4141800,ACCUMULATION CONFIRMED,RECORDED,3,1/1,227.5,2026-09-28,-46.25,-16.8950,FALLEN,CORPORATE ACTION STATUS UNKNOWN (no heuristic flag)
2026-06-09,BANKINDIA,Bank of India,147.72,N/A,51.45,N/A,N/A,75909600,5366400,ACCUMULATION CONFIRMED,RECORDED,1,1/1,129.99,2026-09-28,-17.73,-12.0024,FALLEN,CORPORATE ACTION STATUS UNKNOWN (no heuristic flag)
2026-06-09,CANBK,Canara Bank,137.51,N/A,46.94,N/A,N/A,285795000,1282500,ACCUMULATION CONFIRMED,RECORDED,2,1/1,120.65,2026-09-28,-16.86,-12.2609,FALLEN,CORPORATE ACTION STATUS UNKNOWN (no heuristic flag)
2026-06-09,DIVISLAB,Divi's Laboratories Limited,6753,N/A,56.96,N/A,N/A,2912200,111000,ACCUMULATION CONFIRMED,RECORDED,4,1/1,9550,2026-09-28,2797.00,41.4186,RISEN,CORPORATE ACTION STATUS UNKNOWN (no heuristic flag)
2026-06-09,NAM-INDIA,Nippon Life India Asset Management Limited,1084.8,N/A,47.23,N/A,N/A,6769375,286875,ACCUMULATION CONFIRMED,RECORDED,5,1/1,1093.9,2026-09-28,9.10,0.8389,RISEN,CORPORATE ACTION STATUS UNKNOWN (no heuristic flag)
2026-06-10,PHOENIXLTD,The Phoenix Mills Limited,1765.7,N/A,54.42,N/A,N/A,3916500,17850,ACCUMULATION CONFIRMED,RECORDED,6,1/1,1952.2,2026-09-28,186.50,10.5624,RISEN,CORPORATE ACTION STATUS UNKNOWN (no heuristic flag)
2026-06-12,BAJAJFINSV,Bajaj Finserv Limited,1689.1,N/A,59.46,N/A,N/A,10354750,280500,ACCUMULATION CONFIRMED,RECORDED,3,1/1,1752,2026-09-28,62.90,3.7239,RISEN,CORPORATE ACTION STATUS UNKNOWN (no heuristic flag)
2026-06-12,CHOLAFIN,Cholamandalam Investment and Finance Company Limited,1568.1,N/A,53.31,N/A,N/A,16388125,213125,ACCUMULATION CONFIRMED,RECORDED,4,1/1,1634.2,2026-09-28,66.10,4.2153,RISEN,CORPORATE ACTION STATUS UNKNOWN (no heuristic flag)
2026-06-12,CROMPTON,Crompton Greaves Consumer Electricals Limited,256.2,N/A,53.33,N/A,N/A,51400800,925200,ACCUMULATION CONFIRMED,RECORDED,2,1/1,218.8,2026-09-28,-37.40,-14.5980,FALLEN,CORPORATE ACTION STATUS UNKNOWN (no heuristic flag)
2026-06-12,INDIGO,InterGlobe Aviation Limited,4709.7,N/A,50.17,N/A,N/A,7233000,14550,ACCUMULATION CONFIRMED,RECORDED,0,1/1,4874.5,2026-09-28,164.80,3.4992,RISEN,CORPORATE ACTION STATUS UNKNOWN (no heuristic flag)
2026-06-12,INDUSINDBK,IndusInd Bank Limited,917.35,N/A,46.98,N/A,N/A,35422100,50400,ACCUMULATION CONFIRMED,RECORDED,3,1/1,909.7,2026-09-28,-7.65,-0.8339,FALLEN,CORPORATE ACTION STATUS UNKNOWN (no heuristic flag)
2026-06-12,MARUTI,Maruti Suzuki India Limited,13366,N/A,49.86,N/A,N/A,3193650,212150,ACCUMULATION CONFIRMED,RECORDED,2,1/1,12008,2026-09-28,-1358.00,-10.1601,FALLEN,CORPORATE ACTION STATUS UNKNOWN (no heuristic flag)
2026-06-12,OBEROIRLTY,Oberoi Realty Limited,1622.8,N/A,56.52,N/A,N/A,6460650,29400,ACCUMULATION CONFIRMED,RECORDED,1,1/3,1830,2026-09-28,207.20,12.7681,RISEN,CORPORATE ACTION STATUS UNKNOWN (no heuristic flag)
2026-06-12,PIDILITIND,Pidilite Industries Limited,1535.5,N/A,49.76,N/A,N/A,7127000,165500,ACCUMULATION CONFIRMED,RECORDED,6,1/2,1503,2026-09-28,-32.50,-2.1166,FALLEN,CORPORATE ACTION STATUS UNKNOWN (no heuristic flag)
2026-06-12,PNBHOUSING,PNB Housing Finance Limited,989.9,N/A,60.8,N/A,N/A,10301850,319150,ACCUMULATION CONFIRMED,RECORDED,4,1/1,1085,2026-09-28,95.10,9.6070,RISEN,CORPORATE ACTION STATUS UNKNOWN (no heuristic flag)
2026-06-12,TVSMOTOR,TVS Motor Company Limited,3312.8,N/A,65.4,N/A,N/A,11876550,611975,ACCUMULATION CONFIRMED,RECORDED,1,1/1,4095,2026-09-28,782.20,23.6114,RISEN,CORPORATE ACTION STATUS UNKNOWN (no heuristic flag)
2026-06-15,360ONE,360 ONE WAM LIMITED,1130.8,N/A,60.46,N/A,N/A,5792500,157000,ACCUMULATION CONFIRMED,RECORDED,6,1/1,1045,2026-09-28,-85.80,-7.5875,FALLEN,CORPORATE ACTION STATUS UNKNOWN (no heuristic flag)
2026-06-15,APLAPOLLO,APL Apollo Tubes Limited,1833.8,N/A,67.42,N/A,N/A,5901350,285600,ACCUMULATION CONFIRMED,RECORDED,4,1/1,2197,2026-09-28,363.20,19.8059,RISEN,CORPORATE ACTION STATUS UNKNOWN (no heuristic flag)
2026-06-15,DALBHARAT,Dalmia Bharat Limited,1719.4,N/A,53.02,N/A,N/A,4584450,86450,ACCUMULATION CONFIRMED,RECORDED,5,1/1,1651.6,2026-09-28,-67.80,-3.9432,FALLEN,CORPORATE ACTION STATUS UNKNOWN (no heuristic flag)
2026-06-15,DLF,DLF Limited,614.45,N/A,50.66,N/A,N/A,41721900,1178925,ACCUMULATION CONFIRMED,RECORDED,2,1/1,663.55,2026-09-28,49.10,7.9909,RISEN,CORPORATE ACTION STATUS UNKNOWN (no heuristic flag)
2026-06-15,GAIL,GAIL (India) Limited,175.41,N/A,59.24,N/A,N/A,73432800,1278900,ACCUMULATION CONFIRMED,RECORDED,3,1/1,172.45,2026-09-28,-2.96,-1.6875,FALLEN,CORPORATE ACTION STATUS UNKNOWN (no heuristic flag)
2026-06-15,IOC,Indian Oil Corporation Limited,144.49,N/A,45.4,N/A,N/A,116731875,2106000,ACCUMULATION CONFIRMED,RECORDED,11,1/1,133.32,2026-09-28,-11.17,-7.7306,FALLEN,CORPORATE ACTION STATUS UNKNOWN (no heuristic flag)
2026-06-15,JIOFIN,Jio Financial Services Limited,239.52,N/A,45.32,N/A,N/A,160737650,1457000,ACCUMULATION CONFIRMED,RECORDED,3,1/1,220.5,2026-09-28,-19.02,-7.9409,FALLEN,CORPORATE ACTION STATUS UNKNOWN (no heuristic flag)
2026-06-15,OBEROIRLTY,Oberoi Realty Limited,1669.4,N/A,57.04,N/A,N/A,6590150,129500,ACCUMULATION CONFIRMED,DERIVED ,1,2/3,1830,2026-09-28,160.60,9.6202,RISEN,CORPORATE ACTION STATUS UNKNOWN (no heuristic flag)
2026-06-15,PHOENIXLTD,The Phoenix Mills Limited,1846.9,N/A,50.03,N/A,N/A,4052650,128100,ACCUMULATION CONFIRMED,RECORDED,7,1/1,1952.2,2026-09-28,105.30,5.7014,RISEN,CORPORATE ACTION STATUS UNKNOWN (no heuristic flag)
2026-06-15,PIDILITIND,Pidilite Industries Limited,1571,N/A,65.26,N/A,N/A,7236000,109000,ACCUMULATION CONFIRMED,RECORDED,6,2/2,1503,2026-09-28,-68.00,-4.3285,FALLEN,CORPORATE ACTION STATUS UNKNOWN (no heuristic flag)
2026-06-15,PRESTIGE,Prestige Estates Projects Limited,1472.5,N/A,52.52,N/A,N/A,5903550,268650,ACCUMULATION CONFIRMED,RECORDED,3,1/1,1470.8,2026-09-28,-1.70,-0.1154,FALLEN,CORPORATE ACTION STATUS UNKNOWN (no heuristic flag)
2026-06-15,TATAPOWER,Tata Power Company Limited,404.1,N/A,45,N/A,N/A,53922600,4244150,ACCUMULATION CONFIRMED,RECORDED,2,1/1,361.9,2026-09-28,-42.20,-10.4430,FALLEN,CORPORATE ACTION STATUS UNKNOWN (no heuristic flag)
2026-06-15,VBL,Varun Beverages Limited,541,N/A,61.96,N/A,N/A,50203125,1854000,ACCUMULATION CONFIRMED,RECORDED,2,1/1,430,2026-09-28,-111.00,-20.5176,FALLEN,CORPORATE ACTION STATUS UNKNOWN (no heuristic flag)
2026-06-16,COLPAL,Colgate Palmolive (India) Limited,2096.9,N/A,55.34,N/A,N/A,4518675,20925,ACCUMULATION CONFIRMED,RECORDED,1,1/1,1845.9,2026-09-28,-251.00,-11.9701,FALLEN,CORPORATE ACTION STATUS UNKNOWN (no heuristic flag)
2026-06-16,OBEROIRLTY,Oberoi Realty Limited,1704.8,N/A,57.12,N/A,N/A,6690950,100800,ACCUMULATION CONFIRMED,RECORDED,1,3/3,1830,2026-09-28,125.20,7.3440,RISEN,CORPORATE ACTION STATUS UNKNOWN (no heuristic flag)
2026-06-16,SRF,SRF Limited,2744,N/A,58.15,N/A,N/A,2929000,64400,ACCUMULATION CONFIRMED,RECORDED,5,1/1,2491.5,2026-09-28,-252.50,-9.2019,FALLEN,CORPORATE ACTION STATUS UNKNOWN (no heuristic flag)
2026-06-17,ADANIPORTS,Adani Ports and Special Economic Zone Limited,1828.6,N/A,67.45,N/A,N/A,20949875,220400,ACCUMULATION CONFIRMED,RECORDED,2,1/1,1743.7,2026-09-28,-84.90,-4.6429,FALLEN,CORPORATE ACTION STATUS UNKNOWN (no heuristic flag)
2026-06-17,BEL,Bharat Electronics Limited,419.85,N/A,61.88,N/A,N/A,112778775,4644075,ACCUMULATION CONFIRMED,RECORDED,1,1/1,385.5,2026-09-28,-34.35,-8.1815,FALLEN,CORPORATE ACTION STATUS UNKNOWN (no heuristic flag)
2026-06-17,CANBK,Canara Bank,135.24,N/A,46.79,N/A,N/A,284451750,1019250,ACCUMULATION CONFIRMED,RECORDED,3,1/1,120.65,2026-09-28,-14.59,-10.7882,FALLEN,CORPORATE ACTION STATUS UNKNOWN (no heuristic flag)
2026-06-17,ICICIGI,ICICI Lombard General Insurance Company Limited,1790.5,N/A,81.21,N/A,N/A,4376125,72150,ACCUMULATION CONFIRMED,RECORDED,3,1/1,1540,2026-09-28,-250.50,-13.9905,FALLEN,CORPORATE ACTION STATUS UNKNOWN (no heuristic flag)
2026-06-17,MPHASIS,MphasiS Limited,2340.2,N/A,50.1,N/A,N/A,4951375,135575,ACCUMULATION CONFIRMED,RECORDED,2,1/1,2237.5,2026-09-28,-102.70,-4.3885,FALLEN,CORPORATE ACTION STATUS UNKNOWN (no heuristic flag)
2026-06-17,NYKAA,FSN E-Commerce Ventures Limited,280.95,N/A,57.71,N/A,N/A,46265625,334375,ACCUMULATION CONFIRMED,RECORDED,3,1/1,325.5,2026-09-28,44.55,15.8569,RISEN,CORPORATE ACTION STATUS UNKNOWN (no heuristic flag)
2026-06-18,DLF,DLF Limited,640.7,N/A,57.25,N/A,N/A,42671475,258225,ACCUMULATION CONFIRMED,RECORDED,3,1/1,663.55,2026-09-28,22.85,3.5664,RISEN,CORPORATE ACTION STATUS UNKNOWN (no heuristic flag)
2026-06-18,RADICO,Radico Khaitan Limited,3690,N/A,46.59,N/A,N/A,458250,213450,ACCUMULATION CONFIRMED,RECORDED,1,1/1,4478.3,2026-09-28,788.30,21.3631,RISEN,CORPORATE ACTION STATUS UNKNOWN (no heuristic flag)
2026-06-19,360ONE,360 ONE WAM LIMITED,1145.1,N/A,67.67,N/A,N/A,6072500,100000,ACCUMULATION CONFIRMED,RECORDED,7,1/1,1045,2026-09-28,-100.10,-8.7416,FALLEN,CORPORATE ACTION STATUS UNKNOWN (no heuristic flag)
2026-06-19,BAJFINANCE,Bajaj Finance Limited,961.8,N/A,76.31,N/A,N/A,73788750,2197500,ACCUMULATION CONFIRMED,RECORDED,2,1/1,985,2026-09-28,23.20,2.4121,RISEN,CORPORATE ACTION STATUS UNKNOWN (no heuristic flag)
2026-06-19,BHARATFORG,Bharat Forge Limited,2041.4,N/A,49.89,N/A,N/A,7675500,364000,ACCUMULATION CONFIRMED,RECORDED,4,1/1,1957,2026-09-28,-84.40,-4.1344,FALLEN,CORPORATE ACTION STATUS UNKNOWN (no heuristic flag)
2026-06-19,GVT&D,GE Vernova T&D India Limited,5533.5,N/A,48.86,N/A,N/A,1069000,94875,ACCUMULATION CONFIRMED,RECORDED,2,1/1,4203,2026-09-28,-1330.50,-24.0445,FALLEN,CORPORATE ACTION STATUS UNKNOWN (no heuristic flag)
2026-06-19,NYKAA,FSN E-Commerce Ventures Limited,302.3,N/A,51.14,N/A,N/A,50846875,143750,ACCUMULATION CONFIRMED,RECORDED,4,1/1,325.5,2026-09-28,23.20,7.6745,RISEN,CORPORATE ACTION STATUS UNKNOWN (no heuristic flag)
2026-06-19,TRENT,Trent Limited,3205.8,N/A,48.73,N/A,N/A,10945200,521400,ACCUMULATION CONFIRMED,RECORDED,0,1/1,2626,2026-09-28,-579.80,-18.0860,FALLEN,CORPORATE ACTION STATUS UNKNOWN (no heuristic flag)
2026-06-22,BAJAJ-AUTO,Bajaj Auto Limited,10191,N/A,63.88,N/A,N/A,3177375,29850,ACCUMULATION CONFIRMED,RECORDED,2,1/1,11024,2026-09-28,833.00,8.1739,RISEN,CORPORATE ACTION STATUS UNKNOWN (no heuristic flag)
2026-06-22,ICICIPRULI,ICICI Prudential Life Insurance Company Limited,506.3,N/A,54.64,N/A,N/A,17731325,103600,ACCUMULATION CONFIRMED,RECORDED,7,1/1,458.7,2026-09-28,-47.60,-9.4015,FALLEN,CORPORATE ACTION STATUS UNKNOWN (no heuristic flag)
2026-06-22,PFC,Power Finance Corporation Limited,440.95,N/A,59.43,N/A,N/A,49452000,668200,ACCUMULATION CONFIRMED,RECORDED,4,1/1,330,2026-09-28,-110.95,-25.1616,FALLEN,CORPORATE ACTION STATUS UNKNOWN (no heuristic flag)
2026-06-22,POLICYBZR,PB Fintech Limited,1668.8,N/A,55.11,N/A,N/A,6752900,297150,ACCUMULATION CONFIRMED,RECORDED,3,1/1,1151.3,2026-09-28,-517.50,-31.0103,FALLEN,SUSPECTED discontinuity (heuristic ≥20% 1-day move): 2026-09-24 (-36.0%) — CORPORATE ACTION STATUS UNKNOWN
2026-06-23,BHARATFORG,Bharat Forge Limited,2152.3,N/A,53.83,N/A,N/A,8007000,253000,ACCUMULATION CONFIRMED,RECORDED,5,1/1,1957,2026-09-28,-195.30,-9.0740,FALLEN,CORPORATE ACTION STATUS UNKNOWN (no heuristic flag)
2026-06-30,ALKEM,Alkem Laboratories Limited,5570,N/A,52.46,N/A,N/A,505125,88000,ACCUMULATION CONFIRMED,RECORDED,6,1/1,5175,2026-09-28,-395.00,-7.0916,FALLEN,CORPORATE ACTION STATUS UNKNOWN (no heuristic flag)
2026-06-30,MARUTI,Maruti Suzuki India Limited,14115,N/A,46.85,N/A,N/A,723350,166650,ACCUMULATION CONFIRMED,RECORDED,3,1/1,12008,2026-09-28,-2107.00,-14.9274,FALLEN,CORPORATE ACTION STATUS UNKNOWN (no heuristic flag)
2026-07-01,ADANIENT,Adani Enterprises Limited,3143.6,N/A,46.41,N/A,N/A,17785731,180765,ACCUMULATION CONFIRMED,RECORDED,1,1/1,2831.1,2026-09-28,-312.50,-9.9408,FALLEN,CORPORATE ACTION STATUS UNKNOWN (no heuristic flag)
2026-07-01,BAJAJFINSV,Bajaj Finserv Limited,1797.6,N/A,57.16,N/A,N/A,14749200,648000,ACCUMULATION CONFIRMED,RECORDED,4,1/1,1752,2026-09-28,-45.60,-2.5367,FALLEN,CORPORATE ACTION STATUS UNKNOWN (no heuristic flag)
2026-07-01,BAJAJHLDNG,Bajaj Holdings & Investment Limited,10719,N/A,47.9,N/A,N/A,293850,10800,ACCUMULATION CONFIRMED,RECORDED,2,1/1,10800,2026-09-28,81.00,0.7557,RISEN,CORPORATE ACTION STATUS UNKNOWN (no heuristic flag)
2026-07-01,BRITANNIA,Britannia Industries Limited,5262,N/A,56.35,N/A,N/A,2373875,87250,ACCUMULATION CONFIRMED,RECORDED,5,1/2,4915,2026-09-28,-347.00,-6.5945,FALLEN,CORPORATE ACTION STATUS UNKNOWN (no heuristic flag)
2026-07-02,BRITANNIA,Britannia Industries Limited,5374,N/A,56.63,N/A,N/A,2377750,3875,ACCUMULATION CONFIRMED,RECORDED,5,2/2,4915,2026-09-28,-459.00,-8.5411,FALLEN,CORPORATE ACTION STATUS UNKNOWN (no heuristic flag)
2026-07-02,CAMS,Computer Age Management Services Limited,798.15,N/A,46.53,N/A,N/A,6550500,90750,ACCUMULATION CONFIRMED,RECORDED,3,1/1,691.55,2026-09-28,-106.60,-13.3559,FALLEN,CORPORATE ACTION STATUS UNKNOWN (no heuristic flag)
2026-07-02,DABUR,Dabur India Limited,447,N/A,49.66,N/A,N/A,31422500,822500,ACCUMULATION CONFIRMED,RECORDED,2,1/1,385.75,2026-09-28,-61.25,-13.7025,FALLEN,CORPORATE ACTION STATUS UNKNOWN (no heuristic flag)
2026-07-02,DELHIVERY,Delhivery Limited,509.3,N/A,47.87,N/A,N/A,28500125,1923525,ACCUMULATION CONFIRMED,RECORDED,10,1/1,407.5,2026-09-28,-101.80,-19.9882,FALLEN,CORPORATE ACTION STATUS UNKNOWN (no heuristic flag)
2026-07-02,DLF,DLF Limited,658.2,N/A,48.03,N/A,N/A,39236900,368600,ACCUMULATION CONFIRMED,RECORDED,4,1/2,663.55,2026-09-28,5.35,0.8128,RISEN,CORPORATE ACTION STATUS UNKNOWN (no heuristic flag)
2026-07-02,HINDUNILVR,Hindustan Unilever Limited,2210.6,N/A,58.89,N/A,N/A,18390900,852900,ACCUMULATION CONFIRMED,RECORDED,4,1/1,1896,2026-09-28,-314.60,-14.2314,FALLEN,CORPORATE ACTION STATUS UNKNOWN (no heuristic flag)
2026-07-02,IOC,Indian Oil Corporation Limited,141.62,N/A,56.84,N/A,N/A,136894875,9501375,ACCUMULATION CONFIRMED,RECORDED,12,1/1,133.32,2026-09-28,-8.30,-5.8608,FALLEN,CORPORATE ACTION STATUS UNKNOWN (no heuristic flag)
2026-07-02,TATACONSUM,TATA CONSUMER PRODUCTS LIMITED,1107.2,N/A,59.79,N/A,N/A,16570400,99550,ACCUMULATION CONFIRMED,RECORDED,6,1/1,960,2026-09-28,-147.20,-13.2948,FALLEN,CORPORATE ACTION STATUS UNKNOWN (no heuristic flag)
2026-07-03,ALKEM,Alkem Laboratories Limited,5562.5,N/A,69.44,N/A,N/A,1323250,135250,ACCUMULATION CONFIRMED,RECORDED,7,1/1,5175,2026-09-28,-387.50,-6.9663,FALLEN,CORPORATE ACTION STATUS UNKNOWN (no heuristic flag)
2026-07-03,BIOCON,Biocon Limited,426.8,N/A,54.32,N/A,N/A,43405000,2365000,ACCUMULATION CONFIRMED,RECORDED,9,1/1,374.9,2026-09-28,-51.90,-12.1603,FALLEN,CORPORATE ACTION STATUS UNKNOWN (no heuristic flag)
2026-07-03,DLF,DLF Limited,675.9,N/A,53.64,N/A,N/A,39420250,183350,ACCUMULATION CONFIRMED,RECORDED,4,2/2,663.55,2026-09-28,-12.35,-1.8272,FALLEN,CORPORATE ACTION STATUS UNKNOWN (no heuristic flag)
2026-07-03,LAURUSLABS,Laurus Labs Limited,1542.3,N/A,63.47,N/A,N/A,15742850,290700,ACCUMULATION CONFIRMED,RECORDED,4,1/1,2010.7,2026-09-28,468.40,30.3702,RISEN,CORPORATE ACTION STATUS UNKNOWN (no heuristic flag)
2026-07-03,PHOENIXLTD,The Phoenix Mills Limited,2047.6,N/A,63.51,N/A,N/A,3973200,20650,ACCUMULATION CONFIRMED,RECORDED,8,1/1,1952.2,2026-09-28,-95.40,-4.6591,FALLEN,CORPORATE ACTION STATUS UNKNOWN (no heuristic flag)
2026-07-03,PNBHOUSING,PNB Housing Finance Limited,1064.4,N/A,53.78,N/A,N/A,10196550,35750,ACCUMULATION CONFIRMED,RECORDED,5,1/1,1085,2026-09-28,20.60,1.9354,RISEN,CORPORATE ACTION STATUS UNKNOWN (no heuristic flag)
2026-07-03,ZYDUSLIFE,Zydus Lifesciences Limited,1140.6,N/A,48.45,N/A,N/A,11124900,136800,ACCUMULATION CONFIRMED,RECORDED,0,1/1,1215,2026-09-28,74.40,6.5229,RISEN,CORPORATE ACTION STATUS UNKNOWN (no heuristic flag)
2026-07-06,AUBANK,AU Small Finance Bank Limited,1061.4,N/A,52.05,N/A,N/A,22734000,220000,ACCUMULATION CONFIRMED,RECORDED,4,1/1,995.3,2026-09-28,-66.10,-6.2276,FALLEN,CORPORATE ACTION STATUS UNKNOWN (no heuristic flag)
2026-07-06,CHOLAFIN,Cholamandalam Investment and Finance Company Limited,1850.5,N/A,53.93,N/A,N/A,14868125,194375,ACCUMULATION CONFIRMED,RECORDED,5,1/1,1634.2,2026-09-28,-216.30,-11.6887,FALLEN,CORPORATE ACTION STATUS UNKNOWN (no heuristic flag)
2026-07-06,LODHA,Lodha Developers Limited,1095.9,N/A,54.83,N/A,N/A,10812500,301875,ACCUMULATION CONFIRMED,RECORDED,5,1/1,1117.1,2026-09-28,21.20,1.9345,RISEN,CORPORATE ACTION STATUS UNKNOWN (no heuristic flag)
2026-07-06,MUTHOOTFIN,Muthoot Finance Limited,3137.6,N/A,66.18,N/A,N/A,6303275,89375,ACCUMULATION CONFIRMED,RECORDED,4,1/1,2760,2026-09-28,-377.60,-12.0347,FALLEN,CORPORATE ACTION STATUS UNKNOWN (no heuristic flag)
2026-07-06,OBEROIRLTY,Oberoi Realty Limited,1953.4,N/A,47.84,N/A,N/A,6074600,181300,ACCUMULATION CONFIRMED,RECORDED,2,1/1,1830,2026-09-28,-123.40,-6.3172,FALLEN,CORPORATE ACTION STATUS UNKNOWN (no heuristic flag)
2026-07-06,ONGC,Oil & Natural Gas Corporation Limited,243.9,N/A,56.85,N/A,N/A,97420500,2322000,ACCUMULATION CONFIRMED,RECORDED,1,1/1,230,2026-09-28,-13.90,-5.6991,FALLEN,CORPORATE ACTION STATUS UNKNOWN (no heuristic flag)
2026-07-06,UNITDSPR,United Spirits Limited,1427.3,N/A,58.84,N/A,N/A,9108000,283600,ACCUMULATION CONFIRMED,RECORDED,1,1/1,1415.4,2026-09-28,-11.90,-0.8337,FALLEN,CORPORATE ACTION STATUS UNKNOWN (no heuristic flag)
2026-07-07,ALKEM,Alkem Laboratories Limited,5667.5,N/A,61.31,N/A,N/A,1331625,9500,ACCUMULATION CONFIRMED,RECORDED,8,1/1,5175,2026-09-28,-492.50,-8.6899,FALLEN,CORPORATE ACTION STATUS UNKNOWN (no heuristic flag)
2026-07-07,HINDUNILVR,Hindustan Unilever Limited,2208.8,N/A,65.14,N/A,N/A,18520200,19200,ACCUMULATION CONFIRMED,RECORDED,5,1/1,1896,2026-09-28,-312.80,-14.1615,FALLEN,CORPORATE ACTION STATUS UNKNOWN (no heuristic flag)
2026-07-07,IOC,Indian Oil Corporation Limited,142.18,N/A,52.66,N/A,N/A,139522500,2842125,ACCUMULATION CONFIRMED,RECORDED,13,1/1,133.32,2026-09-28,-8.86,-6.2315,FALLEN,CORPORATE ACTION STATUS UNKNOWN (no heuristic flag)
2026-07-07,PETRONET,Petronet LNG Limited,279.6,N/A,61.97,N/A,N/A,35374200,152000,ACCUMULATION CONFIRMED,RECORDED,4,1/1,289.85,2026-09-28,10.25,3.6660,RISEN,CORPORATE ACTION STATUS UNKNOWN (no heuristic flag)
2026-07-07,VOLTAS,Voltas Limited,1288,N/A,58.25,N/A,N/A,8694375,49875,ACCUMULATION CONFIRMED,RECORDED,2,1/1,1135.5,2026-09-28,-152.50,-11.8401,FALLEN,CORPORATE ACTION STATUS UNKNOWN (no heuristic flag)
2026-07-08,ICICIGI,ICICI Lombard General Insurance Company Limited,1804.2,N/A,53.78,N/A,N/A,4770350,105625,ACCUMULATION CONFIRMED,RECORDED,4,1/1,1540,2026-09-28,-264.20,-14.6436,FALLEN,CORPORATE ACTION STATUS UNKNOWN (no heuristic flag)
2026-07-09,APOLLOHOSP,Apollo Hospitals Enterprise Limited,8845.5,N/A,72.85,N/A,N/A,2324250,29875,ACCUMULATION CONFIRMED,RECORDED,3,1/1,8860,2026-09-28,14.50,0.1639,RISEN,CORPORATE ACTION STATUS UNKNOWN (no heuristic flag)
2026-07-09,BHARTIARTL,Bharti Airtel Limited,1931.1,N/A,53.72,N/A,N/A,29290875,176700,ACCUMULATION CONFIRMED,RECORDED,1,1/1,1771.4,2026-09-28,-159.70,-8.2699,FALLEN,CORPORATE ACTION STATUS UNKNOWN (no heuristic flag)
2026-07-09,HDFCAMC,HDFC Asset Management Company Limited,2737.1,N/A,68.99,N/A,N/A,5819700,336600,ACCUMULATION CONFIRMED,RECORDED,5,1/1,2302.3,2026-09-28,-434.80,-15.8854,FALLEN,CORPORATE ACTION STATUS UNKNOWN (no heuristic flag)
2026-07-09,HINDUNILVR,Hindustan Unilever Limited,2144.5,N/A,56.28,N/A,N/A,17351100,260700,ACCUMULATION CONFIRMED,RECORDED,6,1/1,1896,2026-09-28,-248.50,-11.5878,FALLEN,CORPORATE ACTION STATUS UNKNOWN (no heuristic flag)
2026-07-09,KFINTECH,Kfin Technologies Limited,874.9,N/A,54,N/A,N/A,5319325,306475,ACCUMULATION CONFIRMED,RECORDED,0,1/1,884.05,2026-09-28,9.15,1.0458,RISEN,CORPORATE ACTION STATUS UNKNOWN (no heuristic flag)
2026-07-09,MOTILALOFS,Motilal Oswal Financial Services Limited,942.5,N/A,46.95,N/A,N/A,4850725,207700,ACCUMULATION CONFIRMED,RECORDED,0,1/1,1011.6,2026-09-28,69.10,7.3316,RISEN,CORPORATE ACTION STATUS UNKNOWN (no heuristic flag)
2026-07-10,360ONE,360 ONE WAM LIMITED,1129,N/A,83.09,N/A,N/A,5519500,44500,ACCUMULATION CONFIRMED,RECORDED,8,1/1,1045,2026-09-28,-84.00,-7.4402,FALLEN,CORPORATE ACTION STATUS UNKNOWN (no heuristic flag)
2026-07-10,DELHIVERY,Delhivery Limited,520.3,N/A,67.6,N/A,N/A,26346275,282200,ACCUMULATION CONFIRMED,RECORDED,11,1/1,407.5,2026-09-28,-112.80,-21.6798,FALLEN,CORPORATE ACTION STATUS UNKNOWN (no heuristic flag)
2026-07-10,DLF,DLF Limited,685.75,N/A,45.61,N/A,N/A,40958300,494000,ACCUMULATION CONFIRMED,RECORDED,5,1/1,663.55,2026-09-28,-22.20,-3.2373,FALLEN,CORPORATE ACTION STATUS UNKNOWN (no heuristic flag)
2026-07-10,ICICIPRULI,ICICI Prudential Life Insurance Company Limited,510.35,N/A,60.12,N/A,N/A,20467475,1286675,ACCUMULATION CONFIRMED,RECORDED,8,1/1,458.7,2026-09-28,-51.65,-10.1205,FALLEN,CORPORATE ACTION STATUS UNKNOWN (no heuristic flag)
2026-07-10,INOXWIND,Inox Wind Limited,82.61,N/A,50.18,N/A,N/A,103756800,4825600,ACCUMULATION CONFIRMED,RECORDED,0,1/1,72,2026-09-28,-10.61,-12.8435,FALLEN,CORPORATE ACTION STATUS UNKNOWN (no heuristic flag)
2026-07-13,BAJAJ-AUTO,Bajaj Auto Limited,10381,N/A,64.2,N/A,N/A,2724450,47025,ACCUMULATION CONFIRMED,RECORDED,3,1/1,11024,2026-09-28,643.00,6.1940,RISEN,CORPORATE ACTION STATUS UNKNOWN (no heuristic flag)
2026-07-13,INFY,Infosys Limited,1102.6,N/A,52.1,N/A,N/A,114361600,502800,ACCUMULATION CONFIRMED,RECORDED,3,1/1,1003.2,2026-09-28,-99.40,-9.0151,FALLEN,CORPORATE ACTION STATUS UNKNOWN (no heuristic flag)
2026-07-13,TORNTPHARM,Torrent Pharmaceuticals Limited,4951.1,N/A,64.22,N/A,N/A,2659750,62625,ACCUMULATION CONFIRMED,RECORDED,4,1/3,4869,2026-09-28,-82.10,-1.6582,FALLEN,CORPORATE ACTION STATUS UNKNOWN (no heuristic flag)
2026-07-14,ALKEM,Alkem Laboratories Limited,5601.5,N/A,66.76,N/A,N/A,1550500,127000,ACCUMULATION CONFIRMED,RECORDED,9,1/1,5175,2026-09-28,-426.50,-7.6140,FALLEN,CORPORATE ACTION STATUS UNKNOWN (no heuristic flag)
2026-07-14,OIL,Oil India Limited,441.1,N/A,51.26,N/A,N/A,17346000,609000,ACCUMULATION CONFIRMED,RECORDED,1,1/1,468,2026-09-28,26.90,6.0984,RISEN,CORPORATE ACTION STATUS UNKNOWN (no heuristic flag)
2026-07-14,SBICARD,SBI Cards and Payment Services Limited,638.85,N/A,50.62,N/A,N/A,26551200,1365600,ACCUMULATION CONFIRMED,RECORDED,1,1/1,591,2026-09-28,-47.85,-7.4900,FALLEN,CORPORATE ACTION STATUS UNKNOWN (no heuristic flag)
2026-07-14,TORNTPHARM,Torrent Pharmaceuticals Limited,4973.5,N/A,66.07,N/A,N/A,2761500,101750,ACCUMULATION CONFIRMED,DERIVED ,4,2/3,4869,2026-09-28,-104.50,-2.1011,FALLEN,CORPORATE ACTION STATUS UNKNOWN (no heuristic flag)
2026-07-15,BHEL,Bharat Heavy Electricals Limited,417.95,N/A,47.67,N/A,N/A,86764125,4142250,ACCUMULATION CONFIRMED,RECORDED,1,1/1,411.9,2026-09-28,-6.05,-1.4475,FALLEN,CORPORATE ACTION STATUS UNKNOWN (no heuristic flag)
2026-07-15,DIVISLAB,Divi's Laboratories Limited,7273,N/A,47.08,N/A,N/A,4141700,30800,ACCUMULATION CONFIRMED,RECORDED,5,1/1,9550,2026-09-28,2277.00,31.3076,RISEN,CORPORATE ACTION STATUS UNKNOWN (no heuristic flag)
2026-07-15,HDFCAMC,HDFC Asset Management Company Limited,2729.2,N/A,49.64,N/A,N/A,6271500,190500,ACCUMULATION CONFIRMED,RECORDED,6,1/1,2302.3,2026-09-28,-426.90,-15.6419,FALLEN,CORPORATE ACTION STATUS UNKNOWN (no heuristic flag)
2026-07-15,IOC,Indian Oil Corporation Limited,140.24,N/A,64.22,N/A,N/A,146084250,3334500,ACCUMULATION CONFIRMED,RECORDED,14,1/2,133.32,2026-09-28,-6.92,-4.9344,FALLEN,CORPORATE ACTION STATUS UNKNOWN (no heuristic flag)
2026-07-15,PIDILITIND,Pidilite Industries Limited,1568.8,N/A,58.1,N/A,N/A,7044500,139500,ACCUMULATION CONFIRMED,RECORDED,7,1/1,1503,2026-09-28,-65.80,-4.1943,FALLEN,CORPORATE ACTION STATUS UNKNOWN (no heuristic flag)
2026-07-15,TORNTPHARM,Torrent Pharmaceuticals Limited,5017.8,N/A,63.49,N/A,N/A,2941500,180000,ACCUMULATION CONFIRMED,RECORDED,4,3/3,4869,2026-09-28,-148.80,-2.9654,FALLEN,CORPORATE ACTION STATUS UNKNOWN (no heuristic flag)
2026-07-15,ULTRACEMCO,UltraTech Cement Limited,11812,N/A,53.34,N/A,N/A,2219200,17200,ACCUMULATION CONFIRMED,RECORDED,1,1/1,11025,2026-09-28,-787.00,-6.6627,FALLEN,CORPORATE ACTION STATUS UNKNOWN (no heuristic flag)
2026-07-16,CROMPTON,Crompton Greaves Consumer Electricals Limited,260.3,N/A,60.05,N/A,N/A,54865850,292400,ACCUMULATION CONFIRMED,RECORDED,3,1/1,218.8,2026-09-28,-41.50,-15.9431,FALLEN,CORPORATE ACTION STATUS UNKNOWN (no heuristic flag)
2026-07-16,CUMMINSIND,Cummins India Limited,5592,N/A,54.76,N/A,N/A,4805400,333600,ACCUMULATION CONFIRMED,RECORDED,4,1/1,4855,2026-09-28,-737.00,-13.1795,FALLEN,CORPORATE ACTION STATUS UNKNOWN (no heuristic flag)
2026-07-16,IOC,Indian Oil Corporation Limited,141.8,N/A,52.89,N/A,N/A,146991000,906750,ACCUMULATION CONFIRMED,RECORDED,14,2/2,133.32,2026-09-28,-8.48,-5.9803,FALLEN,CORPORATE ACTION STATUS UNKNOWN (no heuristic flag)
2026-07-16,SONACOMS,Sona BLW Precision Forgings Limited,683.4,N/A,47.63,N/A,N/A,15673875,870975,ACCUMULATION CONFIRMED,RECORDED,6,1/1,807.9,2026-09-28,124.50,18.2177,RISEN,CORPORATE ACTION STATUS UNKNOWN (no heuristic flag)
2026-07-17,COLPAL,Colgate Palmolive (India) Limited,2042.4,N/A,52.21,N/A,N/A,4856225,178475,ACCUMULATION CONFIRMED,RECORDED,2,1/1,1845.9,2026-09-28,-196.50,-9.6210,FALLEN,CORPORATE ACTION STATUS UNKNOWN (no heuristic flag)
2026-07-17,PIDILITIND,Pidilite Industries Limited,1566.1,N/A,72.5,N/A,N/A,7388000,247000,ACCUMULATION CONFIRMED,RECORDED,8,1/1,1503,2026-09-28,-63.10,-4.0291,FALLEN,CORPORATE ACTION STATUS UNKNOWN (no heuristic flag)
2026-07-20,BPCL,Bharat Petroleum Corporation Limited,317.6,N/A,50.52,N/A,N/A,41943075,1267950,ACCUMULATION CONFIRMED,RECORDED,4,1/1,302.25,2026-09-28,-15.35,-4.8331,FALLEN,CORPORATE ACTION STATUS UNKNOWN (no heuristic flag)
2026-07-20,MANAPPURAM,Manappuram Finance Limited,337.1,N/A,46.84,N/A,N/A,57093000,1056000,ACCUMULATION CONFIRMED,RECORDED,2,1/1,313,2026-09-28,-24.10,-7.1492,FALLEN,CORPORATE ACTION STATUS UNKNOWN (no heuristic flag)
2026-07-20,RADICO,Radico Khaitan Limited,4132.4,N/A,53.5,N/A,N/A,557250,57300,ACCUMULATION CONFIRMED,RECORDED,2,1/1,4478.3,2026-09-28,345.90,8.3704,RISEN,CORPORATE ACTION STATUS UNKNOWN (no heuristic flag)
2026-07-28,TCS,Tata Consultancy Services Limited,2398,N/A,50.18,N/A,N/A,6375375,606825,ACCUMULATION CONFIRMED,RECORDED,3,1/1,2070.7,2026-09-28,-327.30,-13.6489,FALLEN,CORPORATE ACTION STATUS UNKNOWN (no heuristic flag)
2026-07-29,AXISBANK,Axis Bank Limited,1235.4,N/A,60.75,N/A,N/A,78709375,1021250,ACCUMULATION CONFIRMED,RECORDED,0,1/1,1209.9,2026-09-28,-25.50,-2.0641,FALLEN,CORPORATE ACTION STATUS UNKNOWN (no heuristic flag)
2026-07-29,BRITANNIA,Britannia Industries Limited,5517.5,N/A,51.33,N/A,N/A,2050000,31125,ACCUMULATION CONFIRMED,RECORDED,6,1/1,4915,2026-09-28,-602.50,-10.9198,FALLEN,CORPORATE ACTION STATUS UNKNOWN (no heuristic flag)
2026-07-29,CIPLA,Cipla Limited,1474.3,N/A,55.16,N/A,N/A,9867650,56525,ACCUMULATION CONFIRMED,RECORDED,6,1/1,1383.7,2026-09-28,-90.60,-6.1453,FALLEN,CORPORATE ACTION STATUS UNKNOWN (no heuristic flag)
2026-07-29,LICHSGFIN,LIC Housing Finance Limited,553.45,N/A,61.07,N/A,N/A,23564000,305000,ACCUMULATION CONFIRMED,RECORDED,4,1/1,564.15,2026-09-28,10.70,1.9333,RISEN,CORPORATE ACTION STATUS UNKNOWN (no heuristic flag)
2026-07-29,LUPIN,Lupin Limited,2447,N/A,63.53,N/A,N/A,5668225,301325,ACCUMULATION CONFIRMED,RECORDED,5,1/1,2062,2026-09-28,-385.00,-15.7336,FALLEN,CORPORATE ACTION STATUS UNKNOWN (no heuristic flag)
2026-07-29,MFSL,Max Financial Services Limited,1515.1,N/A,61.98,N/A,N/A,9654400,422000,ACCUMULATION CONFIRMED,RECORDED,6,1/1,1444,2026-09-28,-71.10,-4.6928,FALLEN,CORPORATE ACTION STATUS UNKNOWN (no heuristic flag)
2026-07-29,PFC,Power Finance Corporation Limited,427.1,N/A,62.66,N/A,N/A,47793200,1479400,ACCUMULATION CONFIRMED,RECORDED,5,1/1,330,2026-09-28,-97.10,-22.7347,FALLEN,CORPORATE ACTION STATUS UNKNOWN (no heuristic flag)
2026-07-29,RECLTD,REC Limited,374.25,N/A,49.91,N/A,N/A,43276275,1496250,ACCUMULATION CONFIRMED,RECORDED,2,1/1,303.25,2026-09-28,-71.00,-18.9713,FALLEN,CORPORATE ACTION STATUS UNKNOWN (no heuristic flag)
2026-07-30,COALINDIA,Coal India Limited,417.2,N/A,66.99,N/A,N/A,81243000,5517450,ACCUMULATION CONFIRMED,RECORDED,4,1/1,422.5,2026-09-28,5.30,1.2704,RISEN,CORPORATE ACTION STATUS UNKNOWN (no heuristic flag)
2026-07-30,DIVISLAB,Divi's Laboratories Limited,7835,N/A,54.06,N/A,N/A,3521000,30100,ACCUMULATION CONFIRMED,RECORDED,6,1/2,9550,2026-09-28,1715.00,21.8890,RISEN,CORPORATE ACTION STATUS UNKNOWN (no heuristic flag)
2026-07-30,NYKAA,FSN E-Commerce Ventures Limited,333.75,N/A,70.92,N/A,N/A,43781250,250000,ACCUMULATION CONFIRMED,RECORDED,5,1/1,325.5,2026-09-28,-8.25,-2.4719,FALLEN,CORPORATE ACTION STATUS UNKNOWN (no heuristic flag)
2026-07-30,TECHM,Tech Mahindra Limited,1669,N/A,60.27,N/A,N/A,18218400,520200,ACCUMULATION CONFIRMED,RECORDED,8,1/1,1542.2,2026-09-28,-126.80,-7.5974,FALLEN,CORPORATE ACTION STATUS UNKNOWN (no heuristic flag)
2026-07-31,AUBANK,AU Small Finance Bank Limited,1047.3,N/A,63.43,N/A,N/A,21846000,205000,ACCUMULATION CONFIRMED,RECORDED,5,1/1,995.3,2026-09-28,-52.00,-4.9651,FALLEN,CORPORATE ACTION STATUS UNKNOWN (no heuristic flag)
2026-07-31,BHARATFORG,Bharat Forge Limited,2199.8,N/A,52.9,N/A,N/A,7622500,99000,ACCUMULATION CONFIRMED,RECORDED,6,1/1,1957,2026-09-28,-242.80,-11.0374,FALLEN,CORPORATE ACTION STATUS UNKNOWN (no heuristic flag)
2026-07-31,CHOLAFIN,Cholamandalam Investment and Finance Company Limited,1849.9,N/A,52.66,N/A,N/A,12776875,117500,ACCUMULATION CONFIRMED,RECORDED,6,1/2,1634.2,2026-09-28,-215.70,-11.6601,FALLEN,CORPORATE ACTION STATUS UNKNOWN (no heuristic flag)
2026-07-31,DIVISLAB,Divi's Laboratories Limited,8056,N/A,55.46,N/A,N/A,3565700,44700,ACCUMULATION CONFIRMED,RECORDED,6,2/2,9550,2026-09-28,1494.00,18.5452,RISEN,CORPORATE ACTION STATUS UNKNOWN (no heuristic flag)
2026-07-31,HDFCLIFE,HDFC Life Insurance Company Limited,548.5,N/A,68.97,N/A,N/A,45800700,2695000,ACCUMULATION CONFIRMED,RECORDED,5,1/1,531.6,2026-09-28,-16.90,-3.0811,FALLEN,CORPORATE ACTION STATUS UNKNOWN (no heuristic flag)
2026-07-31,HINDALCO,Hindalco Industries Limited,974.45,N/A,58.56,N/A,N/A,52293500,520800,ACCUMULATION CONFIRMED,RECORDED,3,1/2,955.9,2026-09-28,-18.55,-1.9036,FALLEN,CORPORATE ACTION STATUS UNKNOWN (no heuristic flag)
2026-07-31,JIOFIN,Jio Financial Services Limited,256.46,N/A,47.09,N/A,N/A,176771700,3174850,ACCUMULATION CONFIRMED,RECORDED,4,1/1,220.5,2026-09-28,-35.96,-14.0217,FALLEN,CORPORATE ACTION STATUS UNKNOWN (no heuristic flag)
2026-07-31,MANAPPURAM,Manappuram Finance Limited,371.85,N/A,47.95,N/A,N/A,53316000,708000,ACCUMULATION CONFIRMED,RECORDED,3,1/1,313,2026-09-28,-58.85,-15.8263,FALLEN,CORPORATE ACTION STATUS UNKNOWN (no heuristic flag)
2026-07-31,MOTHERSON,Samvardhana Motherson International Limited,150.75,N/A,50.85,N/A,N/A,126075000,1217700,ACCUMULATION CONFIRMED,RECORDED,6,1/1,162.37,2026-09-28,11.62,7.7081,RISEN,CORPORATE ACTION STATUS UNKNOWN (no heuristic flag)
2026-07-31,MUTHOOTFIN,Muthoot Finance Limited,3119.6,N/A,53.52,N/A,N/A,7335900,157575,ACCUMULATION CONFIRMED,RECORDED,5,1/1,2760,2026-09-28,-359.60,-11.5271,FALLEN,CORPORATE ACTION STATUS UNKNOWN (no heuristic flag)
2026-07-31,TATASTEEL,Tata Steel Limited,189.69,N/A,49.87,N/A,N/A,165882750,6468000,ACCUMULATION CONFIRMED,RECORDED,0,1/2,186.3,2026-09-28,-3.39,-1.7871,FALLEN,CORPORATE ACTION STATUS UNKNOWN (no heuristic flag)
2026-08-03,APLAPOLLO,APL Apollo Tubes Limited,1941.5,N/A,47.29,N/A,N/A,5651100,961450,ACCUMULATION CONFIRMED,RECORDED,5,1/1,2197,2026-09-28,255.50,13.1599,RISEN,CORPORATE ACTION STATUS UNKNOWN (no heuristic flag)
2026-08-03,BLUESTARCO,Blue Star Limited,1729.2,N/A,51.96,N/A,N/A,3120000,2600,ACCUMULATION CONFIRMED,RECORDED,4,1/1,1575.4,2026-09-28,-153.80,-8.8943,FALLEN,CORPORATE ACTION STATUS UNKNOWN (no heuristic flag)
2026-08-03,CHOLAFIN,Cholamandalam Investment and Finance Company Limited,1888.2,N/A,50.18,N/A,N/A,13176875,400000,ACCUMULATION CONFIRMED,RECORDED,6,2/2,1634.2,2026-09-28,-254.00,-13.4520,FALLEN,CORPORATE ACTION STATUS UNKNOWN (no heuristic flag)
2026-08-03,HINDALCO,Hindalco Industries Limited,994.9,N/A,61.24,N/A,N/A,53067700,774550,ACCUMULATION CONFIRMED,RECORDED,3,2/2,955.9,2026-09-28,-39.00,-3.9200,FALLEN,CORPORATE ACTION STATUS UNKNOWN (no heuristic flag)
2026-08-03,MARICO,Marico Limited,880.95,N/A,65.1,N/A,N/A,16246800,684000,ACCUMULATION CONFIRMED,RECORDED,1,1/1,813.25,2026-09-28,-67.70,-7.6849,FALLEN,CORPORATE ACTION STATUS UNKNOWN (no heuristic flag)
2026-08-03,TATASTEEL,Tata Steel Limited,191,N/A,52.6,N/A,N/A,169584250,3701500,ACCUMULATION CONFIRMED,RECORDED,0,2/2,186.3,2026-09-28,-4.70,-2.4607,FALLEN,CORPORATE ACTION STATUS UNKNOWN (no heuristic flag)
2026-08-04,AUROPHARMA,Aurobindo Pharma Limited,1585.9,N/A,62.69,N/A,N/A,10650750,567050,ACCUMULATION CONFIRMED,RECORDED,5,1/2,1697.5,2026-09-28,111.60,7.0370,RISEN,CORPORATE ACTION STATUS UNKNOWN (no heuristic flag)
2026-08-04,HEROMOTOCO,Hero MotoCorp Limited,5548,N/A,46.52,N/A,N/A,4700400,76500,ACCUMULATION CONFIRMED,RECORDED,3,1/1,5390,2026-09-28,-158.00,-2.8479,FALLEN,CORPORATE ACTION STATUS UNKNOWN (no heuristic flag)
2026-08-04,NAM-INDIA,Nippon Life India Asset Management Limited,1202,N/A,59.22,N/A,N/A,7340625,290625,ACCUMULATION CONFIRMED,RECORDED,6,1/2,1093.9,2026-09-28,-108.10,-8.9933,FALLEN,CORPORATE ACTION STATUS UNKNOWN (no heuristic flag)
2026-08-04,NMDC,NMDC Limited,84.2,N/A,52.27,N/A,N/A,344682000,985500,ACCUMULATION CONFIRMED,RECORDED,6,1/2,77.43,2026-09-28,-6.77,-8.0404,FALLEN,CORPORATE ACTION STATUS UNKNOWN (no heuristic flag)
2026-08-05,360ONE,360 ONE WAM LIMITED,1192,N/A,53,N/A,N/A,4171500,56500,ACCUMULATION CONFIRMED,RECORDED,9,1/1,1045,2026-09-28,-147.00,-12.3322,FALLEN,CORPORATE ACTION STATUS UNKNOWN (no heuristic flag)
2026-08-05,AMBUJACEM,Ambuja Cements Limited,445,N/A,50.09,N/A,N/A,81300000,1520400,ACCUMULATION CONFIRMED,RECORDED,2,1/1,374.35,2026-09-28,-70.65,-15.8764,FALLEN,CORPORATE ACTION STATUS UNKNOWN (no heuristic flag)
2026-08-05,AUROPHARMA,Aurobindo Pharma Limited,1613.4,N/A,47.37,N/A,N/A,10956000,305250,ACCUMULATION CONFIRMED,RECORDED,5,2/2,1697.5,2026-09-28,84.10,5.2126,RISEN,CORPORATE ACTION STATUS UNKNOWN (no heuristic flag)
2026-08-05,GAIL,GAIL (India) Limited,176.96,N/A,64.01,N/A,N/A,91256300,159750,ACCUMULATION CONFIRMED,RECORDED,4,1/1,172.45,2026-09-28,-4.51,-2.5486,FALLEN,CORPORATE ACTION STATUS UNKNOWN (no heuristic flag)
2026-08-05,GODREJCP,Godrej Consumer Products Limited,1069,N/A,61.47,N/A,N/A,11452000,265500,ACCUMULATION CONFIRMED,RECORDED,2,1/1,868,2026-09-28,-201.00,-18.8026,FALLEN,CORPORATE ACTION STATUS UNKNOWN (no heuristic flag)
2026-08-05,HDFCLIFE,HDFC Life Insurance Company Limited,545,N/A,66.45,N/A,N/A,47935800,721600,ACCUMULATION CONFIRMED,RECORDED,6,1/1,531.6,2026-09-28,-13.40,-2.4587,FALLEN,CORPORATE ACTION STATUS UNKNOWN (no heuristic flag)
2026-08-05,ICICIGI,ICICI Lombard General Insurance Company Limited,1684,N/A,45.38,N/A,N/A,5102175,111475,ACCUMULATION CONFIRMED,RECORDED,5,1/1,1540,2026-09-28,-144.00,-8.5511,FALLEN,CORPORATE ACTION STATUS UNKNOWN (no heuristic flag)
2026-08-05,JSWSTEEL,JSW Steel Limited,1330,N/A,53.31,N/A,N/A,40330575,601425,ACCUMULATION CONFIRMED,RECORDED,6,1/1,1264.1,2026-09-28,-65.90,-4.9549,FALLEN,CORPORATE ACTION STATUS UNKNOWN (no heuristic flag)
2026-08-05,JUBLFOOD,Jubilant Foodworks Limited,485,N/A,46.83,N/A,N/A,16793750,402500,ACCUMULATION CONFIRMED,RECORDED,1,1/1,478.7,2026-09-28,-6.30,-1.2990,FALLEN,CORPORATE ACTION STATUS UNKNOWN (no heuristic flag)
2026-08-05,NAM-INDIA,Nippon Life India Asset Management Limited,1215,N/A,54.02,N/A,N/A,7422500,81875,ACCUMULATION CONFIRMED,RECORDED,6,2/2,1093.9,2026-09-28,-121.10,-9.9671,FALLEN,CORPORATE ACTION STATUS UNKNOWN (no heuristic flag)
2026-08-05,NMDC,NMDC Limited,85.8,N/A,54.79,N/A,N/A,350190000,5508000,ACCUMULATION CONFIRMED,RECORDED,6,2/2,77.43,2026-09-28,-8.37,-9.7552,FALLEN,CORPORATE ACTION STATUS UNKNOWN (no heuristic flag)
2026-08-05,NTPC,NTPC Limited,349.9,N/A,46.25,N/A,N/A,100380000,1887000,ACCUMULATION CONFIRMED,RECORDED,7,1/1,321.1,2026-09-28,-28.80,-8.2309,FALLEN,CORPORATE ACTION STATUS UNKNOWN (no heuristic flag)
2026-08-05,PIIND,PI Industries Limited,2810,N/A,57.92,N/A,N/A,2764825,33950,ACCUMULATION CONFIRMED,RECORDED,3,1/1,2349,2026-09-28,-461.00,-16.4057,FALLEN,CORPORATE ACTION STATUS UNKNOWN (no heuristic flag)
2026-08-05,SAIL,Steel Authority of India Limited,175.5,N/A,50.1,N/A,N/A,179055900,1692000,ACCUMULATION CONFIRMED,RECORDED,4,1/1,184.2,2026-09-28,8.70,4.9573,RISEN,CORPORATE ACTION STATUS UNKNOWN (no heuristic flag)
2026-08-05,VEDL,Vedanta Limited,277,N/A,57.39,N/A,N/A,54825100,4485000,ACCUMULATION CONFIRMED,RECORDED,3,1/1,259,2026-09-28,-18.00,-6.4982,FALLEN,CORPORATE ACTION STATUS UNKNOWN (no heuristic flag)
2026-08-06,BANDHANBNK,Bandhan Bank Limited,174.66,N/A,54.08,N/A,N/A,135853200,3031200,ACCUMULATION CONFIRMED,RECORDED,0,1/1,181,2026-09-28,6.34,3.6299,RISEN,CORPORATE ACTION STATUS UNKNOWN (no heuristic flag)
2026-08-06,CHOLAFIN,Cholamandalam Investment and Finance Company Limited,1940,N/A,57.81,N/A,N/A,13596875,288125,ACCUMULATION CONFIRMED,RECORDED,7,1/1,1634.2,2026-09-28,-305.80,-15.7629,FALLEN,CORPORATE ACTION STATUS UNKNOWN (no heuristic flag)
2026-08-06,HAL,Hindustan Aeronautics Limited,4920,N/A,45.88,N/A,N/A,5631750,468450,ACCUMULATION CONFIRMED,RECORDED,1,1/1,4738,2026-09-28,-182.00,-3.6992,FALLEN,CORPORATE ACTION STATUS UNKNOWN (no heuristic flag)
2026-08-06,RELIANCE,Reliance Industries Limited,1325,N/A,51.87,N/A,N/A,109101500,1075500,ACCUMULATION CONFIRMED,RECORDED,1,1/1,1197.6,2026-09-28,-127.40,-9.6151,FALLEN,CORPORATE ACTION STATUS UNKNOWN (no heuristic flag)
2026-08-06,TITAN,Titan Company Limited,4998,N/A,50.52,N/A,N/A,5389650,112175,ACCUMULATION CONFIRMED,RECORDED,1,1/1,4819.5,2026-09-28,-178.50,-3.5714,FALLEN,CORPORATE ACTION STATUS UNKNOWN (no heuristic flag)
2026-08-07,GRASIM,Grasim Industries Limited,3323,N/A,45.42,N/A,N/A,12444000,448000,ACCUMULATION CONFIRMED,RECORDED,4,1/1,3150,2026-09-28,-173.00,-5.2061,FALLEN,CORPORATE ACTION STATUS UNKNOWN (no heuristic flag)
2026-08-07,JUBLFOOD,Jubilant Foodworks Limited,486.5,N/A,57.16,N/A,N/A,19848750,1105000,ACCUMULATION CONFIRMED,RECORDED,2,1/1,478.7,2026-09-28,-7.80,-1.6033,FALLEN,CORPORATE ACTION STATUS UNKNOWN (no heuristic flag)
2026-08-10,TATASTEEL,Tata Steel Limited,190.24,N/A,52.74,N/A,N/A,179195500,478500,ACCUMULATION CONFIRMED,RECORDED,1,1/1,186.3,2026-09-28,-3.94,-2.0711,FALLEN,CORPORATE ACTION STATUS UNKNOWN (no heuristic flag)
2026-08-11,COALINDIA,Coal India Limited,412.6,N/A,70.33,N/A,N/A,78574050,2636550,ACCUMULATION CONFIRMED,RECORDED,5,1/1,422.5,2026-09-28,9.90,2.3994,RISEN,CORPORATE ACTION STATUS UNKNOWN (no heuristic flag)
2026-08-11,LICI,Life Insurance Corporation Of India,406,N/A,56.09,N/A,N/A,58163000,8267000,ACCUMULATION CONFIRMED,RECORDED,2,1/2,400.65,2026-09-28,-5.35,-1.3177,FALLEN,CORPORATE ACTION STATUS UNKNOWN (no heuristic flag)
2026-08-12,INDUSTOWER,Indus Towers Limited,383.4,N/A,49.98,N/A,N/A,93423500,1876800,ACCUMULATION CONFIRMED,RECORDED,3,1/1,360,2026-09-28,-23.40,-6.1033,FALLEN,CORPORATE ACTION STATUS UNKNOWN (no heuristic flag)
2026-08-12,LICI,Life Insurance Corporation Of India,417,N/A,55.92,N/A,N/A,60974200,2811200,ACCUMULATION CONFIRMED,RECORDED,2,2/2,400.65,2026-09-28,-16.35,-3.9209,FALLEN,CORPORATE ACTION STATUS UNKNOWN (no heuristic flag)
2026-08-12,UNIONBANK,Union Bank of India,187,N/A,46.67,N/A,N/A,108576225,615075,ACCUMULATION CONFIRMED,RECORDED,2,1/1,171.75,2026-09-28,-15.25,-8.1551,FALLEN,CORPORATE ACTION STATUS UNKNOWN (no heuristic flag)
2026-08-14,ADANIENSOL,Adani Energy Solutions Limited,1616,N/A,66.58,N/A,N/A,20038725,757350,ACCUMULATION CONFIRMED,RECORDED,1,1/1,1287.9,2026-09-28,-328.10,-20.3032,FALLEN,CORPORATE ACTION STATUS UNKNOWN (no heuristic flag)
2026-08-14,INDUSTOWER,Indus Towers Limited,384.35,N/A,55,N/A,N/A,94567600,1609900,ACCUMULATION CONFIRMED,RECORDED,4,1/1,360,2026-09-28,-24.35,-6.3354,FALLEN,CORPORATE ACTION STATUS UNKNOWN (no heuristic flag)
2026-08-17,NAUKRI,Info Edge (India) Limited,1355.8,N/A,59.84,N/A,N/A,13552000,1049950,ACCUMULATION CONFIRMED,RECORDED,1,1/1,1253.9,2026-09-28,-101.90,-7.5159,FALLEN,CORPORATE ACTION STATUS UNKNOWN (no heuristic flag)
2026-08-17,UNOMINDA,UNO Minda Limited,1269.9,N/A,47.58,N/A,N/A,5665000,352000,ACCUMULATION CONFIRMED,RECORDED,6,1/1,1173,2026-09-28,-96.90,-7.6305,FALLEN,CORPORATE ACTION STATUS UNKNOWN (no heuristic flag)
2026-08-18,AMBER,Amber Enterprises India Limited,7350,N/A,46.79,N/A,N/A,1420400,48400,ACCUMULATION CONFIRMED,RECORDED,0,1/1,6990,2026-09-28,-360.00,-4.8980,FALLEN,CORPORATE ACTION STATUS UNKNOWN (no heuristic flag)
2026-08-19,NAM-INDIA,Nippon Life India Asset Management Limited,1217,N/A,50.21,N/A,N/A,7129375,37500,ACCUMULATION CONFIRMED,RECORDED,7,1/1,1093.9,2026-09-28,-123.10,-10.1150,FALLEN,CORPORATE ACTION STATUS UNKNOWN (no heuristic flag)
2026-08-26,DIVISLAB,Divi's Laboratories Limited,9025,N/A,46.22,N/A,N/A,3095800,34700,ACCUMULATION CONFIRMED,RECORDED,7,1/1,9550,2026-09-28,525.00,5.8172,RISEN,CORPORATE ACTION STATUS UNKNOWN (no heuristic flag)
2026-08-26,KOTAKBANK,Kotak Mahindra Bank Limited,416.7,N/A,62.4,N/A,N/A,177260000,1844000,ACCUMULATION CONFIRMED,RECORDED,2,1/2,401.55,2026-09-28,-15.15,-3.6357,FALLEN,CORPORATE ACTION STATUS UNKNOWN (no heuristic flag)
2026-08-26,LAURUSLABS,Laurus Labs Limited,1887,N/A,61.61,N/A,N/A,15813400,283050,ACCUMULATION CONFIRMED,RECORDED,5,1/2,2010.7,2026-09-28,123.70,6.5554,RISEN,CORPORATE ACTION STATUS UNKNOWN (no heuristic flag)
2026-08-26,LICHSGFIN,LIC Housing Finance Limited,524.4,N/A,49.58,N/A,N/A,37579000,3244000,ACCUMULATION CONFIRMED,RECORDED,5,1/1,564.15,2026-09-28,39.75,7.5801,RISEN,CORPORATE ACTION STATUS UNKNOWN (no heuristic flag)
2026-08-26,TATASTEEL,Tata Steel Limited,188.01,N/A,51.94,N/A,N/A,240306000,1196250,ACCUMULATION CONFIRMED,RECORDED,2,1/1,186.3,2026-09-28,-1.71,-0.9095,FALLEN,CORPORATE ACTION STATUS UNKNOWN (no heuristic flag)
2026-08-26,VEDL,Vedanta Limited,286.5,N/A,52.79,N/A,N/A,65194650,4695450,ACCUMULATION CONFIRMED,RECORDED,4,1/1,259,2026-09-28,-27.50,-9.5986,FALLEN,CORPORATE ACTION STATUS UNKNOWN (no heuristic flag)
2026-08-27,ALKEM,Alkem Laboratories Limited,5320,N/A,73.74,N/A,N/A,1313500,65750,ACCUMULATION CONFIRMED,RECORDED,10,1/2,5175,2026-09-28,-145.00,-2.7256,FALLEN,CORPORATE ACTION STATUS UNKNOWN (no heuristic flag)
2026-08-27,ETERNAL,ETERNAL LIMITED,328.5,N/A,73.38,N/A,N/A,144971350,4192825,ACCUMULATION CONFIRMED,RECORDED,4,1/1,330.95,2026-09-28,2.45,0.7458,RISEN,CORPORATE ACTION STATUS UNKNOWN (no heuristic flag)
2026-08-27,GODREJPROP,Godrej Properties Limited,2069.4,N/A,53.76,N/A,N/A,7880925,85150,ACCUMULATION CONFIRMED,RECORDED,0,1/1,1669.8,2026-09-28,-399.60,-19.3099,FALLEN,CORPORATE ACTION STATUS UNKNOWN (no heuristic flag)
2026-08-27,INDUSTOWER,Indus Towers Limited,379.95,N/A,73.3,N/A,N/A,103043800,1366800,ACCUMULATION CONFIRMED,RECORDED,5,1/1,360,2026-09-28,-19.95,-5.2507,FALLEN,CORPORATE ACTION STATUS UNKNOWN (no heuristic flag)
2026-08-27,KOTAKBANK,Kotak Mahindra Bank Limited,424.2,N/A,67.78,N/A,N/A,179472000,2212000,ACCUMULATION CONFIRMED,RECORDED,2,2/2,401.55,2026-09-28,-22.65,-5.3395,FALLEN,CORPORATE ACTION STATUS UNKNOWN (no heuristic flag)
2026-08-27,LAURUSLABS,Laurus Labs Limited,1929.4,N/A,64.84,N/A,N/A,16000400,187000,ACCUMULATION CONFIRMED,RECORDED,5,2/2,2010.7,2026-09-28,81.30,4.2137,RISEN,CORPORATE ACTION STATUS UNKNOWN (no heuristic flag)
2026-08-27,SAGILITY,SAGILITY LIMITED,44.27,N/A,47.5,N/A,N/A,37740000,14184000,ACCUMULATION CONFIRMED,RECORDED,0,1/1,43.45,2026-09-28,-0.82,-1.8523,FALLEN,CORPORATE ACTION STATUS UNKNOWN (no heuristic flag)
2026-08-27,TITAN,Titan Company Limited,5139.3,N/A,58.21,N/A,N/A,4837700,113750,ACCUMULATION CONFIRMED,RECORDED,2,1/1,4819.5,2026-09-28,-319.80,-6.2226,FALLEN,CORPORATE ACTION STATUS UNKNOWN (no heuristic flag)
2026-08-27,ZYDUSLIFE,Zydus Lifesciences Limited,1189.2,N/A,49.63,N/A,N/A,10224900,664200,ACCUMULATION CONFIRMED,RECORDED,1,1/1,1215,2026-09-28,25.80,2.1695,RISEN,CORPORATE ACTION STATUS UNKNOWN (no heuristic flag)
2026-08-28,ALKEM,Alkem Laboratories Limited,5355,N/A,66.7,N/A,N/A,1414875,101375,ACCUMULATION CONFIRMED,RECORDED,10,2/2,5175,2026-09-28,-180.00,-3.3613,FALLEN,CORPORATE ACTION STATUS UNKNOWN (no heuristic flag)
2026-08-28,APLAPOLLO,APL Apollo Tubes Limited,2265.6,N/A,55.01,N/A,N/A,9737000,566650,ACCUMULATION CONFIRMED,RECORDED,6,1/1,2197,2026-09-28,-68.60,-3.0279,FALLEN,CORPORATE ACTION STATUS UNKNOWN (no heuristic flag)
2026-08-28,DIVISLAB,Divi's Laboratories Limited,9239,N/A,58.56,N/A,N/A,3121800,87400,ACCUMULATION CONFIRMED,RECORDED,8,1/1,9550,2026-09-28,311.00,3.3662,RISEN,CORPORATE ACTION STATUS UNKNOWN (no heuristic flag)
2026-08-28,MPHASIS,MphasiS Limited,2455,N/A,66.22,N/A,N/A,4541350,75075,ACCUMULATION CONFIRMED,RECORDED,3,1/1,2237.5,2026-09-28,-217.50,-8.8595,FALLEN,CORPORATE ACTION STATUS UNKNOWN (no heuristic flag)
2026-08-28,TECHM,Tech Mahindra Limited,1640.9,N/A,51.08,N/A,N/A,18115800,384600,ACCUMULATION CONFIRMED,RECORDED,9,1/1,1542.2,2026-09-28,-98.70,-6.0150,FALLEN,CORPORATE ACTION STATUS UNKNOWN (no heuristic flag)
2026-08-28,VEDL,Vedanta Limited,287.95,N/A,48.15,N/A,N/A,66747150,825700,ACCUMULATION CONFIRMED,RECORDED,5,1/1,259,2026-09-28,-28.95,-10.0538,FALLEN,CORPORATE ACTION STATUS UNKNOWN (no heuristic flag)
2026-08-31,AUROPHARMA,Aurobindo Pharma Limited,1717,N/A,49.22,N/A,N/A,10862500,478500,ACCUMULATION CONFIRMED,RECORDED,6,1/1,1697.5,2026-09-28,-19.50,-1.1357,FALLEN,CORPORATE ACTION STATUS UNKNOWN (no heuristic flag)
2026-08-31,BAJAJHLDNG,Bajaj Holdings & Investment Limited,11644,N/A,77.59,N/A,N/A,254475,6225,ACCUMULATION CONFIRMED,RECORDED,3,1/1,10800,2026-09-28,-844.00,-7.2484,FALLEN,CORPORATE ACTION STATUS UNKNOWN (no heuristic flag)
2026-08-31,BOSCHLTD,Bosch Limited,50000,N/A,65.52,N/A,N/A,186825,5850,ACCUMULATION CONFIRMED,RECORDED,0,1/1,47020,2026-09-28,-2980.00,-5.9600,FALLEN,CORPORATE ACTION STATUS UNKNOWN (no heuristic flag)
2026-08-31,HINDPETRO,Hindustan Petroleum Corporation Limited,365.75,N/A,63.6,N/A,N/A,40578975,97200,ACCUMULATION CONFIRMED,RECORDED,4,1/1,342.45,2026-09-28,-23.30,-6.3705,FALLEN,CORPORATE ACTION STATUS UNKNOWN (no heuristic flag)
2026-08-31,ICICIBANK,ICICI Bank Limited,1454,N/A,78.23,N/A,N/A,95665500,899500,ACCUMULATION CONFIRMED,RECORDED,4,1/1,1302,2026-09-28,-152.00,-10.4539,FALLEN,CORPORATE ACTION STATUS UNKNOWN (no heuristic flag)
2026-08-31,ICICIPRULI,ICICI Prudential Life Insurance Company Limited,517.05,N/A,77.99,N/A,N/A,15515950,216450,ACCUMULATION CONFIRMED,RECORDED,9,1/1,458.7,2026-09-28,-58.35,-11.2852,FALLEN,CORPORATE ACTION STATUS UNKNOWN (no heuristic flag)
2026-08-31,JIOFIN,Jio Financial Services Limited,241.35,N/A,69.67,N/A,N/A,226528250,171550,ACCUMULATION CONFIRMED,RECORDED,5,1/1,220.5,2026-09-28,-20.85,-8.6389,FALLEN,CORPORATE ACTION STATUS UNKNOWN (no heuristic flag)
2026-08-31,NESTLEIND,Nestle India Limited,1496.5,N/A,74.71,N/A,N/A,9955500,43000,ACCUMULATION CONFIRMED,RECORDED,3,1/1,1346,2026-09-28,-150.50,-10.0568,FALLEN,CORPORATE ACTION STATUS UNKNOWN (no heuristic flag)
2026-08-31,OFSS,Oracle Financial Services Software Limited,12540,N/A,58.31,N/A,N/A,1187900,27800,ACCUMULATION CONFIRMED,RECORDED,1,1/1,10800,2026-09-28,-1740.00,-13.8756,FALLEN,CORPORATE ACTION STATUS UNKNOWN (no heuristic flag)
2026-08-31,PETRONET,Petronet LNG Limited,300.6,N/A,72.83,N/A,N/A,28437300,634600,ACCUMULATION CONFIRMED,RECORDED,5,1/1,289.85,2026-09-28,-10.75,-3.5762,FALLEN,CORPORATE ACTION STATUS UNKNOWN (no heuristic flag)
2026-08-31,PRESTIGE,Prestige Estates Projects Limited,1633,N/A,58.88,N/A,N/A,5402700,40500,ACCUMULATION CONFIRMED,RECORDED,4,1/1,1470.8,2026-09-28,-162.20,-9.9326,FALLEN,CORPORATE ACTION STATUS UNKNOWN (no heuristic flag)
2026-08-31,SUNPHARMA,Sun Pharmaceutical Industries Limited,1984.8,N/A,71.47,N/A,N/A,16836050,20300,ACCUMULATION CONFIRMED,RECORDED,6,1/1,1838,2026-09-28,-146.80,-7.3962,FALLEN,CORPORATE ACTION STATUS UNKNOWN (no heuristic flag)
2026-08-31,TORNTPHARM,Torrent Pharmaceuticals Limited,5066,N/A,77.37,N/A,N/A,2982375,2750,ACCUMULATION CONFIRMED,RECORDED,5,1/1,4869,2026-09-28,-197.00,-3.8887,FALLEN,CORPORATE ACTION STATUS UNKNOWN (no heuristic flag)
2026-08-31,WIPRO,Wipro Limited,184.5,N/A,63.43,N/A,N/A,198018000,2700000,ACCUMULATION CONFIRMED,RECORDED,5,1/1,161.56,2026-09-28,-22.94,-12.4336,FALLEN,CORPORATE ACTION STATUS UNKNOWN (no heuristic flag)
2026-09-02,ABCAPITAL,Aditya Birla Capital Limited,397.05,N/A,57.56,N/A,N/A,40045800,161200,ACCUMULATION CONFIRMED,RECORDED,2,1/1,382.7,2026-09-28,-14.35,-3.6142,FALLEN,CORPORATE ACTION STATUS UNKNOWN (no heuristic flag)
2026-09-02,BPCL,Bharat Petroleum Corporation Limited,319.6,N/A,57.93,N/A,N/A,30612500,110600,ACCUMULATION CONFIRMED,RECORDED,5,1/1,302.25,2026-09-28,-17.35,-5.4287,FALLEN,CORPORATE ACTION STATUS UNKNOWN (no heuristic flag)
2026-09-03,BAJAJHLDNG,Bajaj Holdings & Investment Limited,11165,N/A,67.75,N/A,N/A,252600,525,ACCUMULATION CONFIRMED,RECORDED,4,1/1,10800,2026-09-28,-365.00,-3.2691,FALLEN,CORPORATE ACTION STATUS UNKNOWN (no heuristic flag)
2026-09-03,IDFCFIRSTB,IDFC First Bank Limited,87.5,N/A,57.69,N/A,N/A,375841550,6984075,ACCUMULATION CONFIRMED,RECORDED,3,1/1,80.55,2026-09-28,-6.95,-7.9429,FALLEN,CORPORATE ACTION STATUS UNKNOWN (no heuristic flag)
2026-09-03,INDHOTEL,The Indian Hotels Company Limited,732,N/A,55.48,N/A,N/A,26692000,227000,ACCUMULATION CONFIRMED,RECORDED,0,1/1,711,2026-09-28,-21.00,-2.8689,FALLEN,CORPORATE ACTION STATUS UNKNOWN (no heuristic flag)
2026-09-03,PRESTIGE,Prestige Estates Projects Limited,1615.2,N/A,51.35,N/A,N/A,5643900,21600,ACCUMULATION CONFIRMED,RECORDED,5,1/1,1470.8,2026-09-28,-144.40,-8.9401,FALLEN,CORPORATE ACTION STATUS UNKNOWN (no heuristic flag)
2026-09-03,SWIGGY,Swiggy Limited,269.3,N/A,62.33,N/A,N/A,87054325,10521125,ACCUMULATION CONFIRMED,RECORDED,1,1/1,256,2026-09-28,-13.30,-4.9387,FALLEN,CORPORATE ACTION STATUS UNKNOWN (no heuristic flag)
